seconds,seat,turn,chairTileErrorPx,stemTileErrorPx,monitorAxisError,keyboardAxisError,member,phase,handMidpointError,standingHeight
69.632640,seat_player,NorthWest,0.000092,0.000092,0.000000,0.000000,none,none,,
74.745610,seat_player,NorthWest,0.000092,0.000092,0.000000,0.000000,none,none,,
74.745960,seat_older_sister,NorthEast,0.000305,0.000305,0.000000,0.000000,older_sister,Navigating,8.060665,1.857259
80.560130,seat_player,NorthWest,0.000092,0.000092,0.000000,0.000000,none,none,,
80.560190,seat_older_sister,NorthEast,0.000305,0.000305,0.000000,0.000000,older_sister,Navigating,8.060665,1.857259
80.561870,seat_father,SouthEast,0.000305,0.000305,0.000000,0.000000,none,none,,
87.193660,seat_player,NorthWest,0.000092,0.000092,0.000000,0.000000,none,none,,
87.193700,seat_older_sister,NorthEast,0.000305,0.000305,0.000000,0.000000,older_sister,Navigating,8.060665,1.857259
87.193730,seat_father,SouthEast,0.000305,0.000305,0.000000,0.000000,none,none,,
87.193740,seat_mother,SouthWest,0.000305,0.000305,0.000000,0.000000,none,none,,
88.196560,seat_player,NorthWest,0.484345,0.484345,0.000000,0.000000,none,none,,
88.196600,seat_older_sister,NorthEast,0.484131,0.484131,0.000000,0.000000,older_sister,Navigating,7.754967,1.857259
88.196620,seat_father,SouthEast,0.484131,0.484131,0.000000,0.000000,none,none,,
88.196640,seat_mother,SouthWest,0.484131,0.484131,0.000000,0.000000,none,none,,
89.198700,seat_player,NorthWest,0.484345,0.484345,0.000000,0.000000,none,none,,
89.198750,seat_older_sister,NorthEast,0.484131,0.484131,0.000000,0.000000,older_sister,Navigating,7.069288,1.857259
89.198780,seat_father,SouthEast,0.484131,0.484131,0.000000,0.000000,father,Navigating,6.663912,1.775838
89.198800,seat_mother,SouthWest,0.484131,0.484131,0.000000,0.000000,none,none,,
90.299830,seat_player,NorthWest,0.484345,0.484345,0.000000,0.000000,none,none,,
90.299870,seat_older_sister,NorthEast,0.484131,0.484131,0.000000,0.000000,older_sister,Navigating,6.249476,1.857259
90.299890,seat_father,SouthEast,0.484131,0.484131,0.000000,0.000000,father,Navigating,6.133488,1.775838
90.299910,seat_mother,SouthWest,0.484131,0.484131,0.000000,0.000000,none,none,,
91.315460,seat_player,NorthWest,0.484345,0.484345,0.000000,0.000000,none,none,,
91.315500,seat_older_sister,NorthEast,0.484131,0.484131,0.000000,0.000000,older_sister,Navigating,5.316316,1.857259
91.315520,seat_father,SouthEast,0.484131,0.484131,0.000000,0.000000,father,Navigating,5.866594,1.775838
91.315540,seat_mother,SouthWest,0.484131,0.484131,0.000000,0.000000,mother,Navigating,8.260610,1.775838
92.345660,seat_player,NorthWest,0.484345,0.484345,0.000000,0.000000,none,none,,
92.345710,seat_older_sister,NorthEast,0.484131,0.484131,0.000000,0.000000,older_sister,Navigating,4.495957,1.857259
92.345740,seat_father,SouthEast,0.484131,0.484131,0.000000,0.000000,father,Navigating,5.724842,1.775838
92.345760,seat_mother,SouthWest,0.484131,0.484131,0.000000,0.000000,mother,Navigating,7.889691,1.775838
93.346920,seat_player,NorthWest,0.484345,0.484345,0.000000,0.000000,none,none,,
93.346950,seat_older_sister,NorthEast,0.484131,0.484131,0.000000,0.000000,older_sister,Navigating,3.717145,1.857259
93.346980,seat_father,SouthEast,0.484131,0.484131,0.000000,0.000000,father,Navigating,5.460652,1.775838
93.347000,seat_mother,SouthWest,0.484131,0.484131,0.000000,0.000000,none,none,,
94.404880,seat_player,NorthWest,0.484345,0.484345,0.000000,0.000000,none,none,,
94.404930,seat_older_sister,NorthEast,0.484131,0.484131,0.000000,0.000000,older_sister,Navigating,3.076107,1.857259
94.404950,seat_father,SouthEast,0.484131,0.484131,0.000000,0.000000,father,Navigating,4.534048,1.775838
94.404980,seat_mother,SouthWest,0.484131,0.484131,0.000000,0.000000,none,none,,
95.427130,seat_player,NorthWest,0.484345,0.484345,0.000000,0.000000,none,none,,
95.427170,seat_older_sister,NorthEast,0.484131,0.484131,0.000000,0.000000,older_sister,Navigating,3.367012,1.857259
95.427190,seat_father,SouthEast,0.484131,0.484131,0.000000,0.000000,father,Navigating,3.684977,1.775838
95.427220,seat_mother,SouthWest,0.484131,0.484131,0.000000,0.000000,none,none,,
96.520100,seat_player,NorthWest,0.484345,0.484345,0.000000,0.000000,none,none,,
96.520140,seat_older_sister,NorthEast,0.484131,0.484131,0.000000,0.000000,older_sister,Navigating,3.608232,1.857259
96.520160,seat_father,SouthEast,0.484131,0.484131,0.000000,0.000000,father,Navigating,3.040893,1.775838
96.520190,seat_mother,SouthWest,0.484131,0.484131,0.000000,0.000000,none,none,,
97.567930,seat_player,NorthWest,0.484345,0.484345,0.000000,0.000000,none,none,,
97.567980,seat_older_sister,NorthEast,0.484131,0.484131,0.000000,0.000000,older_sister,Navigating,3.206960,1.857259
97.568000,seat_father,SouthEast,0.484131,0.484131,0.000000,0.000000,father,Navigating,2.469253,1.775838
97.568020,seat_mother,SouthWest,0.484131,0.484131,0.000000,0.000000,none,none,,
98.574390,seat_player,NorthWest,0.484345,0.484345,0.000000,0.000000,none,none,,
98.574430,seat_older_sister,NorthEast,0.484131,0.484131,0.000000,0.000000,older_sister,Navigating,3.235516,1.857259
98.574460,seat_father,SouthEast,0.484131,0.484131,0.000000,0.000000,none,none,,
98.574470,seat_mother,SouthWest,0.484131,0.484131,0.000000,0.000000,none,none,,
99.591380,seat_player,NorthWest,0.484345,0.484345,0.000000,0.000000,none,none,,
99.591420,seat_older_sister,NorthEast,0.484131,0.484131,0.000000,0.000000,older_sister,Navigating,3.248469,1.857259
99.591440,seat_father,SouthEast,0.484131,0.484131,0.000000,0.000000,none,none,,
99.591450,seat_mother,SouthWest,0.484131,0.484131,0.000000,0.000000,none,none,,
100.674600,seat_player,NorthWest,0.484345,0.484345,0.000000,0.000000,none,none,,
100.674700,seat_older_sister,NorthEast,0.484131,0.484131,0.000000,0.000000,older_sister,Navigating,3.113914,1.857259
100.674700,seat_father,SouthEast,0.484131,0.484131,0.000000,0.000000,none,none,,
100.674700,seat_mother,SouthWest,0.484131,0.484131,0.000000,0.000000,none,none,,
101.731500,seat_player,NorthWest,0.484345,0.484345,0.000000,0.000000,none,none,,
101.731600,seat_older_sister,NorthEast,0.484131,0.484131,0.000000,0.000000,older_sister,Navigating,3.289393,1.857259
101.731600,seat_father,SouthEast,0.484131,0.484131,0.000000,0.000000,none,none,,
101.731600,seat_mother,SouthWest,0.484131,0.484131,0.000000,0.000000,none,none,,
102.819900,seat_player,NorthWest,0.484345,0.484345,0.000000,0.000000,none,none,,
102.819900,seat_older_sister,NorthEast,0.484131,0.484131,0.000000,0.000000,older_sister,Navigating,3.095212,1.857259
102.820000,seat_father,SouthEast,0.484131,0.484131,0.000000,0.000000,none,none,,
102.820000,seat_mother,SouthWest,0.484131,0.484131,0.000000,0.000000,mother,Navigating,7.073233,1.775838
103.933300,seat_player,NorthWest,0.484345,0.484345,0.000000,0.000000,none,none,,
103.933300,seat_older_sister,NorthEast,0.484131,0.484131,0.000000,0.000000,older_sister,Navigating,3.336618,1.857259
103.933400,seat_father,SouthEast,0.484131,0.484131,0.000000,0.000000,none,none,,
103.933400,seat_mother,SouthWest,0.484131,0.484131,0.000000,0.000000,mother,Navigating,6.055114,1.775838
104.956300,seat_player,NorthWest,0.484345,0.484345,0.000000,0.000000,none,none,,
104.956300,seat_older_sister,NorthEast,0.484131,0.484131,0.000000,0.000000,none,none,,
104.956400,seat_father,SouthEast,0.484131,0.484131,0.000000,0.000000,father,Navigating,1.915521,1.775838
104.956400,seat_mother,SouthWest,0.484131,0.484131,0.000000,0.000000,mother,Navigating,5.080185,1.775838
105.969000,seat_player,NorthWest,0.484345,0.484345,0.000000,0.000000,none,none,,
105.969100,seat_older_sister,NorthEast,0.484131,0.484131,0.000000,0.000000,none,none,,
105.969100,seat_father,SouthEast,0.484131,0.484131,0.000000,0.000000,father,Navigating,1.765233,1.775838
105.969100,seat_mother,SouthWest,0.484131,0.484131,0.000000,0.000000,mother,Navigating,4.489992,1.775838
107.084100,seat_player,NorthWest,0.484345,0.484345,0.000000,0.000000,none,none,,
107.084100,seat_older_sister,NorthEast,0.484131,0.484131,0.000000,0.000000,none,none,,
107.084100,seat_father,SouthEast,0.484131,0.484131,0.000000,0.000000,father,Navigating,1.894455,1.775838
107.084100,seat_mother,SouthWest,0.484131,0.484131,0.000000,0.000000,mother,Navigating,4.051536,1.775838
108.182000,seat_player,NorthWest,0.484345,0.484345,0.000000,0.000000,none,none,,
108.182100,seat_older_sister,NorthEast,0.484131,0.484131,0.000000,0.000000,none,none,,
108.182100,seat_father,SouthEast,0.484131,0.484131,0.000000,0.000000,father,Navigating,2.144288,1.775838
108.182100,seat_mother,SouthWest,0.484131,0.484131,0.000000,0.000000,mother,Navigating,3.329236,1.775838
109.282900,seat_player,NorthWest,0.484345,0.484345,0.000000,0.000000,none,none,,
109.283000,seat_older_sister,NorthEast,0.484131,0.484131,0.000000,0.000000,none,none,,
109.283000,seat_father,SouthEast,0.484131,0.484131,0.000000,0.000000,none,none,,
109.283000,seat_mother,SouthWest,0.484131,0.484131,0.000000,0.000000,none,none,,
110.388100,seat_player,NorthWest,0.484345,0.484345,0.000000,0.000000,none,none,,
110.388200,seat_older_sister,NorthEast,0.484131,0.484131,0.000000,0.000000,none,none,,
110.388200,seat_father,SouthEast,0.484131,0.484131,0.000000,0.000000,none,none,,
110.388200,seat_mother,SouthWest,0.484131,0.484131,0.000000,0.000000,none,none,,
111.443300,seat_player,NorthWest,0.484345,0.484345,0.000000,0.000000,none,none,,
111.443300,seat_older_sister,NorthEast,0.484131,0.484131,0.000000,0.000000,older_sister,Navigating,3.063575,1.857259
111.443300,seat_father,SouthEast,0.484131,0.484131,0.000000,0.000000,none,none,,
111.443400,seat_mother,SouthWest,0.484131,0.484131,0.000000,0.000000,none,none,,
112.526900,seat_player,NorthWest,0.484345,0.484345,0.000000,0.000000,none,none,,
112.527000,seat_older_sister,NorthEast,0.484131,0.484131,0.000000,0.000000,older_sister,Navigating,3.567164,1.857259
112.527000,seat_father,SouthEast,0.484131,0.484131,0.000000,0.000000,none,none,,
112.527000,seat_mother,SouthWest,0.484131,0.484131,0.000000,0.000000,none,none,,
113.612300,seat_player,NorthWest,0.484345,0.484345,0.000000,0.000000,none,none,,
113.612300,seat_older_sister,NorthEast,0.484131,0.484131,0.000000,0.000000,older_sister,Navigating,2.696260,1.857259
113.612300,seat_father,SouthEast,0.484131,0.484131,0.000000,0.000000,none,none,,
113.612400,seat_mother,SouthWest,0.484131,0.484131,0.000000,0.000000,none,none,,
114.694700,seat_player,NorthWest,0.484345,0.484345,0.000000,0.000000,none,none,,
114.694800,seat_older_sister,NorthEast,0.484131,0.484131,0.000000,0.000000,older_sister,Navigating,1.851012,1.857259
114.694800,seat_father,SouthEast,0.484131,0.484131,0.000000,0.000000,none,none,,
114.694800,seat_mother,SouthWest,0.484131,0.484131,0.000000,0.000000,none,none,,
115.711600,seat_player,NorthWest,0.484345,0.484345,0.000000,0.000000,none,none,,
115.711600,seat_older_sister,NorthEast,0.484131,0.484131,0.000000,0.000000,older_sister,Navigating,1.430839,1.857259
115.711600,seat_father,SouthEast,0.484131,0.484131,0.000000,0.000000,none,none,,
115.711700,seat_mother,SouthWest,0.484131,0.484131,0.000000,0.000000,none,none,,
116.735800,seat_player,NorthWest,0.484345,0.484345,0.000000,0.000000,none,none,,
116.735900,seat_older_sister,NorthEast,0.484131,0.484131,0.000000,0.000000,older_sister,Working,0.000000,1.857259
116.735900,seat_father,SouthEast,0.484131,0.484131,0.000000,0.000000,none,none,,
116.735900,seat_mother,SouthWest,0.484131,0.484131,0.000000,0.000000,none,none,,
117.827100,seat_player,NorthWest,0.484345,0.484345,0.000000,0.000000,none,none,,
117.827100,seat_older_sister,NorthEast,0.484131,0.484131,0.000000,0.000000,older_sister,Working,0.000000,1.857259
117.827100,seat_father,SouthEast,0.484131,0.484131,0.000000,0.000000,none,none,,
117.827200,seat_mother,SouthWest,0.484131,0.484131,0.000000,0.000000,none,none,,
118.910200,seat_player,NorthWest,0.484345,0.484345,0.000000,0.000000,none,none,,
118.910200,seat_older_sister,NorthEast,0.484131,0.484131,0.000000,0.000000,older_sister,Working,0.000001,1.857259
118.910200,seat_father,SouthEast,0.484131,0.484131,0.000000,0.000000,none,none,,
118.910200,seat_mother,SouthWest,0.484131,0.484131,0.000000,0.000000,none,none,,
119.994200,seat_player,NorthWest,0.484345,0.484345,0.000000,0.000000,none,none,,
119.994200,seat_older_sister,NorthEast,0.484131,0.484131,0.000000,0.000000,older_sister,Working,0.000000,1.857259
119.994200,seat_father,SouthEast,0.484131,0.484131,0.000000,0.000000,father,Navigating,1.852871,1.775838
119.994200,seat_mother,SouthWest,0.484131,0.484131,0.000000,0.000000,none,none,,
121.010000,seat_player,NorthWest,0.484345,0.484345,0.000000,0.000000,none,none,,
121.010100,seat_older_sister,NorthEast,0.484131,0.484131,0.000000,0.000000,older_sister,Working,0.000000,1.857259
121.010100,seat_father,SouthEast,0.484131,0.484131,0.000000,0.000000,father,Navigating,1.817137,1.775838
121.010100,seat_mother,SouthWest,0.484131,0.484131,0.000000,0.000000,none,none,,
122.081400,seat_player,NorthWest,0.484345,0.484345,0.000000,0.000000,none,none,,
122.081400,seat_older_sister,NorthEast,0.484131,0.484131,0.000000,0.000000,none,none,,
122.081500,seat_father,SouthEast,0.484131,0.484131,0.000000,0.000000,father,Navigating,1.784588,1.775838
122.081500,seat_mother,SouthWest,0.484131,0.484131,0.000000,0.000000,mother,Navigating,4.027462,1.775838
123.094700,seat_player,NorthWest,0.484345,0.484345,0.000000,0.000000,none,none,,
123.094700,seat_older_sister,NorthEast,0.484131,0.484131,0.000000,0.000000,none,none,,
123.094700,seat_father,SouthEast,0.484131,0.484131,0.000000,0.000000,father,Navigating,1.852205,1.775838
123.094700,seat_mother,SouthWest,0.484131,0.484131,0.000000,0.000000,mother,Navigating,4.029305,1.775838
124.110000,seat_player,NorthWest,0.484345,0.484345,0.000000,0.000000,none,none,,
124.110000,seat_older_sister,NorthEast,0.484131,0.484131,0.000000,0.000000,none,none,,
124.110000,seat_father,SouthEast,0.484131,0.484131,0.000000,0.000000,father,Navigating,2.106051,1.775838
124.110000,seat_mother,SouthWest,0.484131,0.484131,0.000000,0.000000,mother,Navigating,4.023533,1.775838
125.225400,seat_player,NorthWest,0.484345,0.484345,0.000000,0.000000,none,none,,
125.225400,seat_older_sister,NorthEast,0.484131,0.484131,0.000000,0.000000,none,none,,
125.225400,seat_father,SouthEast,0.484131,0.484131,0.000000,0.000000,none,none,,
125.225500,seat_mother,SouthWest,0.484131,0.484131,0.000000,0.000000,mother,Navigating,3.927822,1.775838
126.225400,seat_player,NorthWest,0.484345,0.484345,0.000000,0.000000,none,none,,
126.225500,seat_older_sister,NorthEast,0.484131,0.484131,0.000000,0.000000,none,none,,
126.225500,seat_father,SouthEast,0.484131,0.484131,0.000000,0.000000,none,none,,
126.225500,seat_mother,SouthWest,0.484131,0.484131,0.000000,0.000000,mother,Navigating,3.350258,1.775838
127.225500,seat_player,NorthWest,0.484345,0.484345,0.000000,0.000000,none,none,,
127.225500,seat_older_sister,NorthEast,0.484131,0.484131,0.000000,0.000000,none,none,,
127.225500,seat_father,SouthEast,0.484131,0.484131,0.000000,0.000000,none,none,,
127.225500,seat_mother,SouthWest,0.484131,0.484131,0.000000,0.000000,none,none,,
128.295100,seat_player,NorthWest,0.484345,0.484345,0.000000,0.000000,none,none,,
128.295100,seat_older_sister,NorthEast,0.484131,0.484131,0.000000,0.000000,none,none,,
128.295100,seat_father,SouthEast,0.484131,0.484131,0.000000,0.000000,father,Navigating,2.740447,1.775838
128.295200,seat_mother,SouthWest,0.484131,0.484131,0.000000,0.000000,none,none,,
129.410300,seat_player,NorthWest,0.484345,0.484345,0.000000,0.000000,none,none,,
129.410300,seat_older_sister,NorthEast,0.484131,0.484131,0.000000,0.000000,none,none,,
129.410300,seat_father,SouthEast,0.484131,0.484131,0.000000,0.000000,father,Navigating,1.928325,1.775838
129.410300,seat_mother,SouthWest,0.484131,0.484131,0.000000,0.000000,none,none,,
130.526100,seat_player,NorthWest,0.484345,0.484345,0.000000,0.000000,none,none,,
130.526200,seat_older_sister,NorthEast,0.484131,0.484131,0.000000,0.000000,none,none,,
130.526200,seat_father,SouthEast,0.484131,0.484131,0.000000,0.000000,none,none,,
130.526200,seat_mother,SouthWest,0.484131,0.484131,0.000000,0.000000,none,none,,
131.534100,seat_player,NorthWest,0.484345,0.484345,0.000000,0.000000,none,none,,
131.534200,seat_older_sister,NorthEast,0.484131,0.484131,0.000000,0.000000,none,none,,
131.534200,seat_father,SouthEast,0.484131,0.484131,0.000000,0.000000,none,none,,
131.534300,seat_mother,SouthWest,0.484131,0.484131,0.000000,0.000000,none,none,,
132.585400,seat_player,NorthWest,0.484345,0.484345,0.000000,0.000000,none,none,,
132.585500,seat_older_sister,NorthEast,0.484131,0.484131,0.000000,0.000000,none,none,,
132.585500,seat_father,SouthEast,0.484131,0.484131,0.000000,0.000000,none,none,,
132.585500,seat_mother,SouthWest,0.484131,0.484131,0.000000,0.000000,mother,Navigating,3.170326,1.775838
133.586200,seat_player,NorthWest,0.484345,0.484345,0.000000,0.000000,none,none,,
133.586300,seat_older_sister,NorthEast,0.484131,0.484131,0.000000,0.000000,none,none,,
133.586300,seat_father,SouthEast,0.484131,0.484131,0.000000,0.000000,none,none,,
133.586300,seat_mother,SouthWest,0.484131,0.484131,0.000000,0.000000,mother,Navigating,3.329081,1.775838
134.602200,seat_player,NorthWest,0.484345,0.484345,0.000000,0.000000,none,none,,
134.602300,seat_older_sister,NorthEast,0.484131,0.484131,0.000000,0.000000,none,none,,
134.602300,seat_father,SouthEast,0.484131,0.484131,0.000000,0.000000,none,none,,
134.602300,seat_mother,SouthWest,0.484131,0.484131,0.000000,0.000000,mother,Navigating,2.370870,1.775838
135.701100,seat_player,NorthWest,0.484345,0.484345,0.000000,0.000000,none,none,,
135.701100,seat_older_sister,NorthEast,0.484131,0.484131,0.000000,0.000000,older_sister,Working,0.000000,1.857259
135.701100,seat_father,SouthEast,0.484131,0.484131,0.000000,0.000000,none,none,,
135.701200,seat_mother,SouthWest,0.484131,0.484131,0.000000,0.000000,mother,Navigating,1.542913,1.775838
136.784500,seat_player,NorthWest,0.484345,0.484345,0.000000,0.000000,none,none,,
136.784500,seat_older_sister,NorthEast,0.484131,0.484131,0.000000,0.000000,older_sister,Working,0.000001,1.857259
136.784500,seat_father,SouthEast,0.484131,0.484131,0.000000,0.000000,none,none,,
136.784500,seat_mother,SouthWest,0.484131,0.484131,0.000000,0.000000,none,none,,
137.884300,seat_player,NorthWest,0.484345,0.484345,0.000000,0.000000,none,none,,
137.884400,seat_older_sister,NorthEast,0.484131,0.484131,0.000000,0.000000,older_sister,Working,0.000000,1.857259
137.884400,seat_father,SouthEast,0.484131,0.484131,0.000000,0.000000,none,none,,
137.884400,seat_mother,SouthWest,0.484131,0.484131,0.000000,0.000000,none,none,,
138.968100,seat_player,NorthWest,0.484345,0.484345,0.000000,0.000000,none,none,,
138.968100,seat_older_sister,NorthEast,0.484131,0.484131,0.000000,0.000000,older_sister,Working,0.000000,1.857259
138.968200,seat_father,SouthEast,0.484131,0.484131,0.000000,0.000000,none,none,,
138.968200,seat_mother,SouthWest,0.484131,0.484131,0.000000,0.000000,none,none,,
140.068600,seat_player,NorthWest,0.484345,0.484345,0.000000,0.000000,none,none,,
140.068600,seat_older_sister,NorthEast,0.484131,0.484131,0.000000,0.000000,older_sister,Working,0.000000,1.857259
140.068600,seat_father,SouthEast,0.484131,0.484131,0.000000,0.000000,father,Working,0.647744,1.775838
140.068700,seat_mother,SouthWest,0.484131,0.484131,0.000000,0.000000,none,none,,
141.131500,seat_player,NorthWest,0.484345,0.484345,0.000000,0.000000,none,none,,
141.131600,seat_older_sister,NorthEast,0.484131,0.484131,0.000000,0.000000,older_sister,Working,0.000001,1.857259
141.131600,seat_father,SouthEast,0.484131,0.484131,0.000000,0.000000,father,Working,0.005984,1.775838
141.131600,seat_mother,SouthWest,0.484131,0.484131,0.000000,0.000000,none,none,,
142.213300,seat_player,NorthWest,0.484345,0.484345,0.000000,0.000000,none,none,,
142.213300,seat_older_sister,NorthEast,0.484131,0.484131,0.000000,0.000000,older_sister,Working,0.000001,1.857259
142.213400,seat_father,SouthEast,0.484131,0.484131,0.000000,0.000000,father,Working,0.007836,1.775838
142.213400,seat_mother,SouthWest,0.484131,0.484131,0.000000,0.000000,none,none,,
143.313600,seat_player,NorthWest,0.484345,0.484345,0.000000,0.000000,none,none,,
143.313700,seat_older_sister,NorthEast,0.484131,0.484131,0.000000,0.000000,older_sister,Working,0.000000,1.857259
143.313700,seat_father,SouthEast,0.484131,0.484131,0.000000,0.000000,father,Working,0.006100,1.775838
143.313700,seat_mother,SouthWest,0.484131,0.484131,0.000000,0.000000,none,none,,
144.413600,seat_player,NorthWest,0.484345,0.484345,0.000000,0.000000,none,none,,
144.413700,seat_older_sister,NorthEast,0.484131,0.484131,0.000000,0.000000,older_sister,Working,0.000000,1.857259
144.413700,seat_father,SouthEast,0.484131,0.484131,0.000000,0.000000,father,Working,0.006465,1.775838
144.413700,seat_mother,SouthWest,0.484131,0.484131,0.000000,0.000000,none,none,,
145.480700,seat_player,NorthWest,0.484345,0.484345,0.000000,0.000000,none,none,,
145.480800,seat_older_sister,NorthEast,0.484131,0.484131,0.000000,0.000000,older_sister,Working,0.000000,1.857259
145.480800,seat_father,SouthEast,0.484131,0.484131,0.000000,0.000000,father,Working,0.007767,1.775838
145.480800,seat_mother,SouthWest,0.484131,0.484131,0.000000,0.000000,none,none,,
146.530300,seat_player,NorthWest,0.484345,0.484345,0.000000,0.000000,none,none,,
146.530300,seat_older_sister,NorthEast,0.484131,0.484131,0.000000,0.000000,older_sister,Working,0.000001,1.857259
146.530400,seat_father,SouthEast,0.484131,0.484131,0.000000,0.000000,father,Working,0.006021,1.775838
146.530400,seat_mother,SouthWest,0.484131,0.484131,0.000000,0.000000,none,none,,
147.597100,seat_player,NorthWest,0.484345,0.484345,0.000000,0.000000,none,none,,
147.597100,seat_older_sister,NorthEast,0.484131,0.484131,0.000000,0.000000,older_sister,Working,0.000001,1.857259
147.597200,seat_father,SouthEast,0.484131,0.484131,0.000000,0.000000,father,Working,0.006348,1.775838
147.597200,seat_mother,SouthWest,0.484131,0.484131,0.000000,0.000000,none,none,,
148.613900,seat_player,NorthWest,0.484345,0.484345,0.000000,0.000000,none,none,,
148.614000,seat_older_sister,NorthEast,0.484131,0.484131,0.000000,0.000000,older_sister,Working,0.000000,1.857259
148.614000,seat_father,SouthEast,0.484131,0.484131,0.000000,0.000000,father,Working,0.007837,1.775838
148.614000,seat_mother,SouthWest,0.484131,0.484131,0.000000,0.000000,none,none,,
149.697300,seat_player,NorthWest,0.484345,0.484345,0.000000,0.000000,none,none,,
149.697300,seat_older_sister,NorthEast,0.484131,0.484131,0.000000,0.000000,none,none,,
149.697400,seat_father,SouthEast,0.484131,0.484131,0.000000,0.000000,father,Working,0.006188,1.775838
149.697400,seat_mother,SouthWest,0.484131,0.484131,0.000000,0.000000,mother,Working,0.007570,1.775838
150.797200,seat_player,NorthWest,0.484345,0.484345,0.000000,0.000000,none,none,,
150.797200,seat_older_sister,NorthEast,0.484131,0.484131,0.000000,0.000000,none,none,,
150.797200,seat_father,SouthEast,0.484131,0.484131,0.000000,0.000000,father,Working,0.006349,1.775838
150.797200,seat_mother,SouthWest,0.484131,0.484131,0.000000,0.000000,mother,Working,0.005808,1.775838
151.826200,seat_player,NorthWest,0.484345,0.484345,0.000000,0.000000,none,none,,
151.826200,seat_older_sister,NorthEast,0.484131,0.484131,0.000000,0.000000,none,none,,
151.826200,seat_father,SouthEast,0.484131,0.484131,0.000000,0.000000,none,none,,
151.826200,seat_mother,SouthWest,0.484131,0.484131,0.000000,0.000000,mother,Working,0.006734,1.775838
152.926500,seat_player,NorthWest,0.484345,0.484345,0.000000,0.000000,none,none,,
152.926500,seat_older_sister,NorthEast,0.484131,0.484131,0.000000,0.000000,none,none,,
152.926500,seat_father,SouthEast,0.484131,0.484131,0.000000,0.000000,none,none,,
152.926500,seat_mother,SouthWest,0.484131,0.484131,0.000000,0.000000,mother,Working,0.007360,1.775838
153.960800,seat_player,NorthWest,0.484345,0.484345,0.000000,0.000000,none,none,,
153.960800,seat_older_sister,NorthEast,0.484131,0.484131,0.000000,0.000000,none,none,,
153.960800,seat_father,SouthEast,0.484131,0.484131,0.000000,0.000000,none,none,,
153.960800,seat_mother,SouthWest,0.484131,0.484131,0.000000,0.000000,none,none,,
155.060400,seat_player,NorthWest,0.484345,0.484345,0.000000,0.000000,none,none,,
155.060500,seat_older_sister,NorthEast,0.484131,0.484131,0.000000,0.000000,none,none,,
155.060500,seat_father,SouthEast,0.484131,0.484131,0.000000,0.000000,none,none,,
155.060500,seat_mother,SouthWest,0.484131,0.484131,0.000000,0.000000,none,none,,
156.159900,seat_player,NorthWest,0.484345,0.484345,0.000000,0.000000,none,none,,
156.159900,seat_older_sister,NorthEast,0.484131,0.484131,0.000000,0.000000,none,none,,
156.160000,seat_father,SouthEast,0.484131,0.484131,0.000000,0.000000,none,none,,
156.160000,seat_mother,SouthWest,0.484131,0.484131,0.000000,0.000000,none,none,,
157.160400,seat_player,NorthWest,0.484345,0.484345,0.000000,0.000000,none,none,,
157.160400,seat_older_sister,NorthEast,0.484131,0.484131,0.000000,0.000000,none,none,,
157.160500,seat_father,SouthEast,0.484131,0.484131,0.000000,0.000000,none,none,,
157.160500,seat_mother,SouthWest,0.484131,0.484131,0.000000,0.000000,none,none,,
158.259900,seat_player,NorthWest,0.484345,0.484345,0.000000,0.000000,none,none,,
158.259900,seat_older_sister,NorthEast,0.484131,0.484131,0.000000,0.000000,none,none,,
158.260000,seat_father,SouthEast,0.484131,0.484131,0.000000,0.000000,none,none,,
158.260000,seat_mother,SouthWest,0.484131,0.484131,0.000000,0.000000,none,none,,
159.359800,seat_player,NorthWest,0.484345,0.484345,0.000000,0.000000,none,none,,
159.359900,seat_older_sister,NorthEast,0.484131,0.484131,0.000000,0.000000,none,none,,
159.359900,seat_father,SouthEast,0.484131,0.484131,0.000000,0.000000,none,none,,
159.359900,seat_mother,SouthWest,0.484131,0.484131,0.000000,0.000000,none,none,,
160.359900,seat_player,NorthWest,0.484345,0.484345,0.000000,0.000000,none,none,,
160.360000,seat_older_sister,NorthEast,0.484131,0.484131,0.000000,0.000000,none,none,,
160.360000,seat_father,SouthEast,0.484131,0.484131,0.000000,0.000000,none,none,,
160.360000,seat_mother,SouthWest,0.484131,0.484131,0.000000,0.000000,none,none,,
161.387700,seat_player,NorthWest,0.484345,0.484345,0.000000,0.000000,none,none,,
161.387700,seat_older_sister,NorthEast,0.484131,0.484131,0.000000,0.000000,none,none,,
161.387700,seat_father,SouthEast,0.484131,0.484131,0.000000,0.000000,none,none,,
161.387700,seat_mother,SouthWest,0.484131,0.484131,0.000000,0.000000,none,none,,
162.471000,seat_player,NorthWest,0.484345,0.484345,0.000000,0.000000,none,none,,
162.471000,seat_older_sister,NorthEast,0.484131,0.484131,0.000000,0.000000,none,none,,
162.471000,seat_father,SouthEast,0.484131,0.484131,0.000000,0.000000,none,none,,
162.471000,seat_mother,SouthWest,0.484131,0.484131,0.000000,0.000000,none,none,,
163.571000,seat_player,NorthWest,0.484345,0.484345,0.000000,0.000000,none,none,,
163.571000,seat_older_sister,NorthEast,0.484131,0.484131,0.000000,0.000000,none,none,,
163.571100,seat_father,SouthEast,0.484131,0.484131,0.000000,0.000000,none,none,,
163.571100,seat_mother,SouthWest,0.484131,0.484131,0.000000,0.000000,none,none,,
164.670800,seat_player,NorthWest,0.484345,0.484345,0.000000,0.000000,none,none,,
164.670800,seat_older_sister,NorthEast,0.484131,0.484131,0.000000,0.000000,none,none,,
164.670900,seat_father,SouthEast,0.484131,0.484131,0.000000,0.000000,none,none,,
164.670900,seat_mother,SouthWest,0.484131,0.484131,0.000000,0.000000,none,none,,
165.738400,seat_player,NorthWest,0.484345,0.484345,0.000000,0.000000,none,none,,
165.738400,seat_older_sister,NorthEast,0.484131,0.484131,0.000000,0.000000,none,none,,
165.738400,seat_father,SouthEast,0.484131,0.484131,0.000000,0.000000,none,none,,
165.738400,seat_mother,SouthWest,0.484131,0.484131,0.000000,0.000000,none,none,,
166.854600,seat_player,NorthWest,0.484345,0.484345,0.000000,0.000000,none,none,,
166.854700,seat_older_sister,NorthEast,0.484131,0.484131,0.000000,0.000000,none,none,,
166.854700,seat_father,SouthEast,0.484131,0.484131,0.000000,0.000000,none,none,,
166.854700,seat_mother,SouthWest,0.484131,0.484131,0.000000,0.000000,none,none,,
167.937700,seat_player,NorthWest,0.484345,0.484345,0.000000,0.000000,none,none,,
167.937700,seat_older_sister,NorthEast,0.484131,0.484131,0.000000,0.000000,none,none,,
167.937800,seat_father,SouthEast,0.484131,0.484131,0.000000,0.000000,none,none,,
167.937800,seat_mother,SouthWest,0.484131,0.484131,0.000000,0.000000,none,none,,
169.038100,seat_player,NorthWest,0.484345,0.484345,0.000000,0.000000,none,none,,
169.038100,seat_older_sister,NorthEast,0.484131,0.484131,0.000000,0.000000,older_sister,RotatingToSeat,1.624812,1.857259
169.038100,seat_father,SouthEast,0.484131,0.484131,0.000000,0.000000,none,none,,
169.038100,seat_mother,SouthWest,0.484131,0.484131,0.000000,0.000000,none,none,,
170.154700,seat_player,NorthWest,0.484345,0.484345,0.000000,0.000000,none,none,,
170.155300,seat_older_sister,NorthEast,0.484131,0.484131,0.000000,0.000000,older_sister,Working,0.000001,1.857259
170.155300,seat_father,SouthEast,0.484131,0.484131,0.000000,0.000000,none,none,,
170.155300,seat_mother,SouthWest,0.484131,0.484131,0.000000,0.000000,mother,Navigating,4.087464,1.775838
171.166700,seat_player,NorthWest,0.484345,0.484345,0.000000,0.000000,none,none,,
171.166700,seat_older_sister,NorthEast,0.484131,0.484131,0.000000,0.000000,older_sister,Working,0.000000,1.857259
171.166700,seat_father,SouthEast,0.484131,0.484131,0.000000,0.000000,none,none,,
171.166700,seat_mother,SouthWest,0.484131,0.484131,0.000000,0.000000,mother,Navigating,4.220572,1.775838
172.267200,seat_player,NorthWest,0.484345,0.484345,0.000000,0.000000,none,none,,
172.267200,seat_older_sister,NorthEast,0.484131,0.484131,0.000000,0.000000,none,none,,
172.267200,seat_father,SouthEast,0.484131,0.484131,0.000000,0.000000,none,none,,
172.267200,seat_mother,SouthWest,0.484131,0.484131,0.000000,0.000000,mother,Navigating,3.317216,1.775838
173.366700,seat_player,NorthWest,0.484345,0.484345,0.000000,0.000000,none,none,,
173.366800,seat_older_sister,NorthEast,0.484131,0.484131,0.000000,0.000000,none,none,,
173.366800,seat_father,SouthEast,0.484131,0.484131,0.000000,0.000000,none,none,,
173.366800,seat_mother,SouthWest,0.484131,0.484131,0.000000,0.000000,mother,Navigating,2.298123,1.775838
174.465800,seat_player,NorthWest,0.484345,0.484345,0.000000,0.000000,none,none,,
174.465800,seat_older_sister,NorthEast,0.484131,0.484131,0.000000,0.000000,none,none,,
174.465900,seat_father,SouthEast,0.484131,0.484131,0.000000,0.000000,none,none,,
174.465900,seat_mother,SouthWest,0.484131,0.484131,0.000000,0.000000,mother,Navigating,1.521497,1.775838
175.533200,seat_player,NorthWest,0.484345,0.484345,0.000000,0.000000,none,none,,
175.533200,seat_older_sister,NorthEast,0.484131,0.484131,0.000000,0.000000,none,none,,
175.533200,seat_father,SouthEast,0.484131,0.484131,0.000000,0.000000,none,none,,
175.533300,seat_mother,SouthWest,0.484131,0.484131,0.000000,0.000000,none,none,,
176.624100,seat_player,NorthWest,0.484345,0.484345,0.000000,0.000000,none,none,,
176.624200,seat_older_sister,NorthEast,0.484131,0.484131,0.000000,0.000000,none,none,,
176.624200,seat_father,SouthEast,0.484131,0.484131,0.000000,0.000000,none,none,,
176.624200,seat_mother,SouthWest,0.484131,0.484131,0.000000,0.000000,none,none,,
177.718100,seat_player,NorthWest,0.484345,0.484345,0.000000,0.000000,none,none,,
177.718100,seat_older_sister,NorthEast,0.484131,0.484131,0.000000,0.000000,none,none,,
177.718100,seat_father,SouthEast,0.484131,0.484131,0.000000,0.000000,none,none,,
177.718100,seat_mother,SouthWest,0.484131,0.484131,0.000000,0.000000,none,none,,
178.816700,seat_player,NorthWest,0.484345,0.484345,0.000000,0.000000,none,none,,
178.816800,seat_older_sister,NorthEast,0.484131,0.484131,0.000000,0.000000,none,none,,
178.816800,seat_father,SouthEast,0.484131,0.484131,0.000000,0.000000,father,Working,0.007161,1.775838
178.816800,seat_mother,SouthWest,0.484131,0.484131,0.000000,0.000000,none,none,,
179.901900,seat_player,NorthWest,0.484345,0.484345,0.000000,0.000000,none,none,,
179.902000,seat_older_sister,NorthEast,0.484131,0.484131,0.000000,0.000000,older_sister,Navigating,2.859683,1.857259
179.902000,seat_father,SouthEast,0.484131,0.484131,0.000000,0.000000,father,Working,0.007086,1.775838
179.902100,seat_mother,SouthWest,0.484131,0.484131,0.000000,0.000000,none,none,,
181.000900,seat_player,NorthWest,0.484345,0.484345,0.000000,0.000000,none,none,,
181.000900,seat_older_sister,NorthEast,0.484131,0.484131,0.000000,0.000000,older_sister,Navigating,2.014626,1.857259
181.001000,seat_father,SouthEast,0.484131,0.484131,0.000000,0.000000,father,Working,0.005843,1.775838
181.001000,seat_mother,SouthWest,0.484131,0.484131,0.000000,0.000000,none,none,,
182.003300,seat_player,NorthWest,0.484345,0.484345,0.000000,0.000000,none,none,,
182.003300,seat_older_sister,NorthEast,0.484131,0.484131,0.000000,0.000000,older_sister,Navigating,1.504105,1.857259
182.003400,seat_father,SouthEast,0.484131,0.484131,0.000000,0.000000,father,Working,0.007047,1.775838
182.003400,seat_mother,SouthWest,0.484131,0.484131,0.000000,0.000000,none,none,,
183.086100,seat_player,NorthWest,0.484345,0.484345,0.000000,0.000000,none,none,,
183.086200,seat_older_sister,NorthEast,0.484131,0.484131,0.000000,0.000000,older_sister,Working,0.000000,1.857259
183.086200,seat_father,SouthEast,0.484131,0.484131,0.000000,0.000000,father,Working,0.007199,1.775838
183.086200,seat_mother,SouthWest,0.484131,0.484131,0.000000,0.000000,mother,Navigating,2.845848,1.775838
184.086600,seat_player,NorthWest,0.484345,0.484345,0.000000,0.000000,none,none,,
184.086600,seat_older_sister,NorthEast,0.484131,0.484131,0.000000,0.000000,older_sister,Working,0.000000,1.857259
184.086600,seat_father,SouthEast,0.484131,0.484131,0.000000,0.000000,father,Working,0.005891,1.775838
184.086700,seat_mother,SouthWest,0.484131,0.484131,0.000000,0.000000,mother,Navigating,2.093090,1.775838
185.086600,seat_player,NorthWest,0.484345,0.484345,0.000000,0.000000,none,none,,
185.086700,seat_older_sister,NorthEast,0.484131,0.484131,0.000000,0.000000,older_sister,Working,0.000000,1.857259
185.086700,seat_father,SouthEast,0.484131,0.484131,0.000000,0.000000,none,none,,
185.086700,seat_mother,SouthWest,0.484131,0.484131,0.000000,0.000000,mother,Navigating,1.547255,1.775838
186.119400,seat_player,NorthWest,0.484345,0.484345,0.000000,0.000000,none,none,,
186.119500,seat_older_sister,NorthEast,0.484131,0.484131,0.000000,0.000000,older_sister,Working,0.000000,1.857259
186.119500,seat_father,SouthEast,0.484131,0.484131,0.000000,0.000000,none,none,,
186.119500,seat_mother,SouthWest,0.484131,0.484131,0.000000,0.000000,mother,Working,0.007086,1.775838
187.119600,seat_player,NorthWest,0.484345,0.484345,0.000000,0.000000,none,none,,
187.119700,seat_older_sister,NorthEast,0.484131,0.484131,0.000000,0.000000,older_sister,Working,0.000000,1.857259
187.119700,seat_father,SouthEast,0.484131,0.484131,0.000000,0.000000,none,none,,
187.119700,seat_mother,SouthWest,0.484131,0.484131,0.000000,0.000000,mother,Working,0.005859,1.775838
188.229600,seat_player,NorthWest,0.484345,0.484345,0.000000,0.000000,none,none,,
188.229600,seat_older_sister,NorthEast,0.484131,0.484131,0.000000,0.000000,older_sister,Working,0.000000,1.857259
188.229600,seat_father,SouthEast,0.484131,0.484131,0.000000,0.000000,father,Working,0.395937,1.775838
188.229600,seat_mother,SouthWest,0.484131,0.484131,0.000000,0.000000,none,none,,
189.229700,seat_player,NorthWest,0.484345,0.484345,0.000000,0.000000,none,none,,
189.229700,seat_older_sister,NorthEast,0.484131,0.484131,0.000000,0.000000,none,none,,
189.229800,seat_father,SouthEast,0.484131,0.484131,0.000000,0.000000,father,Working,0.007843,1.775838
189.229800,seat_mother,SouthWest,0.484131,0.484131,0.000000,0.000000,none,none,,
190.333000,seat_player,NorthWest,0.484345,0.484345,0.000000,0.000000,none,none,,
190.333100,seat_older_sister,NorthEast,0.484131,0.484131,0.000000,0.000000,none,none,,
190.333100,seat_father,SouthEast,0.484131,0.484131,0.000000,0.000000,none,none,,
190.333100,seat_mother,SouthWest,0.484131,0.484131,0.000000,0.000000,none,none,,
191.345900,seat_player,NorthWest,0.484345,0.484345,0.000000,0.000000,none,none,,
191.345900,seat_older_sister,NorthEast,0.484131,0.484131,0.000000,0.000000,none,none,,
191.346000,seat_father,SouthEast,0.484131,0.484131,0.000000,0.000000,none,none,,
191.346000,seat_mother,SouthWest,0.484131,0.484131,0.000000,0.000000,none,none,,
192.364000,seat_player,NorthWest,0.484345,0.484345,0.000000,0.000000,none,none,,
192.364100,seat_older_sister,NorthEast,0.484131,0.484131,0.000000,0.000000,none,none,,
192.364100,seat_father,SouthEast,0.484131,0.484131,0.000000,0.000000,none,none,,
192.364100,seat_mother,SouthWest,0.484131,0.484131,0.000000,0.000000,none,none,,
193.402500,seat_player,NorthWest,0.484345,0.484345,0.000000,0.000000,none,none,,
193.402500,seat_older_sister,NorthEast,0.484131,0.484131,0.000000,0.000000,none,none,,
193.402600,seat_father,SouthEast,0.484131,0.484131,0.000000,0.000000,none,none,,
193.402600,seat_mother,SouthWest,0.484131,0.484131,0.000000,0.000000,none,none,,
194.414600,seat_player,NorthWest,0.484345,0.484345,0.000000,0.000000,none,none,,
194.414700,seat_older_sister,NorthEast,0.484131,0.484131,0.000000,0.000000,none,none,,
194.414700,seat_father,SouthEast,0.484131,0.484131,0.000000,0.000000,none,none,,
194.414700,seat_mother,SouthWest,0.484131,0.484131,0.000000,0.000000,none,none,,
195.465200,seat_player,NorthWest,0.484345,0.484345,0.000000,0.000000,none,none,,
195.465200,seat_older_sister,NorthEast,0.484131,0.484131,0.000000,0.000000,none,none,,
195.465200,seat_father,SouthEast,0.484131,0.484131,0.000000,0.000000,none,none,,
195.465200,seat_mother,SouthWest,0.484131,0.484131,0.000000,0.000000,none,none,,
196.548200,seat_player,NorthWest,0.484345,0.484345,0.000000,0.000000,none,none,,
196.548200,seat_older_sister,NorthEast,0.484131,0.484131,0.000000,0.000000,none,none,,
196.548200,seat_father,SouthEast,0.484131,0.484131,0.000000,0.000000,none,none,,
196.548200,seat_mother,SouthWest,0.484131,0.484131,0.000000,0.000000,none,none,,
197.598500,seat_player,NorthWest,0.484345,0.484345,0.000000,0.000000,none,none,,
197.598500,seat_older_sister,NorthEast,0.484131,0.484131,0.000000,0.000000,none,none,,
197.598600,seat_father,SouthEast,0.484131,0.484131,0.000000,0.000000,none,none,,
197.598600,seat_mother,SouthWest,0.484131,0.484131,0.000000,0.000000,none,none,,
198.698700,seat_player,NorthWest,0.484345,0.484345,0.000000,0.000000,none,none,,
198.698700,seat_older_sister,NorthEast,0.484131,0.484131,0.000000,0.000000,none,none,,
198.698700,seat_father,SouthEast,0.484131,0.484131,0.000000,0.000000,none,none,,
198.698700,seat_mother,SouthWest,0.484131,0.484131,0.000000,0.000000,none,none,,
199.814900,seat_player,NorthWest,0.484345,0.484345,0.000000,0.000000,none,none,,
199.814900,seat_older_sister,NorthEast,0.484131,0.484131,0.000000,0.000000,none,none,,
199.814900,seat_father,SouthEast,0.484131,0.484131,0.000000,0.000000,none,none,,
199.815000,seat_mother,SouthWest,0.484131,0.484131,0.000000,0.000000,none,none,,
200.914900,seat_player,NorthWest,0.484345,0.484345,0.000000,0.000000,none,none,,
200.914900,seat_older_sister,NorthEast,0.484131,0.484131,0.000000,0.000000,none,none,,
200.914900,seat_father,SouthEast,0.484131,0.484131,0.000000,0.000000,none,none,,
200.914900,seat_mother,SouthWest,0.484131,0.484131,0.000000,0.000000,none,none,,
201.983000,seat_player,NorthWest,0.484345,0.484345,0.000000,0.000000,none,none,,
201.983100,seat_older_sister,NorthEast,0.484131,0.484131,0.000000,0.000000,none,none,,
201.983100,seat_father,SouthEast,0.484131,0.484131,0.000000,0.000000,none,none,,
201.983100,seat_mother,SouthWest,0.484131,0.484131,0.000000,0.000000,none,none,,
203.050000,seat_player,NorthWest,0.484345,0.484345,0.000000,0.000000,none,none,,
203.050000,seat_older_sister,NorthEast,0.484131,0.484131,0.000000,0.000000,none,none,,
203.050000,seat_father,SouthEast,0.484131,0.484131,0.000000,0.000000,none,none,,
203.050000,seat_mother,SouthWest,0.484131,0.484131,0.000000,0.000000,none,none,,
204.133300,seat_player,NorthWest,0.484345,0.484345,0.000000,0.000000,player,Navigating,7.538978,1.857259
204.133400,seat_older_sister,NorthEast,0.484131,0.484131,0.000000,0.000000,none,none,,
204.133400,seat_father,SouthEast,0.484131,0.484131,0.000000,0.000000,none,none,,
204.133400,seat_mother,SouthWest,0.484131,0.484131,0.000000,0.000000,none,none,,
205.216300,seat_player,NorthWest,0.484345,0.484345,0.000000,0.000000,player,Navigating,6.580385,1.857259
205.216400,seat_older_sister,NorthEast,0.484131,0.484131,0.000000,0.000000,none,none,,
205.216400,seat_father,SouthEast,0.484131,0.484131,0.000000,0.000000,none,none,,
205.216400,seat_mother,SouthWest,0.484131,0.484131,0.000000,0.000000,none,none,,
206.304400,seat_player,NorthWest,0.484345,0.484345,0.000000,0.000000,player,Navigating,5.795320,1.857259
206.304500,seat_older_sister,NorthEast,0.484131,0.484131,0.000000,0.000000,none,none,,
206.304500,seat_father,SouthEast,0.484131,0.484131,0.000000,0.000000,none,none,,
206.304500,seat_mother,SouthWest,0.484131,0.484131,0.000000,0.000000,none,none,,
207.320100,seat_player,NorthWest,0.484345,0.484345,0.000000,0.000000,player,Navigating,4.862902,1.857259
207.320200,seat_older_sister,NorthEast,0.484131,0.484131,0.000000,0.000000,older_sister,Navigating,4.003889,1.857259
207.320200,seat_father,SouthEast,0.484131,0.484131,0.000000,0.000000,none,none,,
207.320200,seat_mother,SouthWest,0.484131,0.484131,0.000000,0.000000,none,none,,
208.436100,seat_player,NorthWest,0.484345,0.484345,0.000000,0.000000,player,Navigating,4.008983,1.857259
208.436100,seat_older_sister,NorthEast,0.484131,0.484131,0.000000,0.000000,older_sister,Navigating,2.908967,1.857259
208.436100,seat_father,SouthEast,0.484131,0.484131,0.000000,0.000000,none,none,,
208.436100,seat_mother,SouthWest,0.484131,0.484131,0.000000,0.000000,none,none,,
209.535200,seat_player,NorthWest,0.484345,0.484345,0.000000,0.000000,player,Navigating,3.193810,1.857259
209.535200,seat_older_sister,NorthEast,0.484131,0.484131,0.000000,0.000000,older_sister,Navigating,2.096082,1.857259
209.535200,seat_father,SouthEast,0.484131,0.484131,0.000000,0.000000,none,none,,
209.535200,seat_mother,SouthWest,0.484131,0.484131,0.000000,0.000000,none,none,,
210.635200,seat_player,NorthWest,0.484345,0.484345,0.000000,0.000000,player,Navigating,2.563819,1.857259
210.635300,seat_older_sister,NorthEast,0.484131,0.484131,0.000000,0.000000,older_sister,Navigating,1.566431,1.857259
210.635300,seat_father,SouthEast,0.484131,0.484131,0.000000,0.000000,none,none,,
210.635300,seat_mother,SouthWest,0.484131,0.484131,0.000000,0.000000,none,none,,
211.673000,seat_player,NorthWest,0.484345,0.484345,0.000000,0.000000,player,Navigating,1.830620,1.857259
211.673100,seat_older_sister,NorthEast,0.484131,0.484131,0.000000,0.000000,older_sister,Navigating,1.404469,1.857259
211.673100,seat_father,SouthEast,0.484131,0.484131,0.000000,0.000000,father,Navigating,7.331835,1.775838
211.673100,seat_mother,SouthWest,0.484131,0.484131,0.000000,0.000000,none,none,,
212.688600,seat_player,NorthWest,0.484345,0.484345,0.000000,0.000000,player,Working,0.536368,1.857259
212.688600,seat_older_sister,NorthEast,0.484131,0.484131,0.000000,0.000000,older_sister,Working,0.020794,1.857259
212.688600,seat_father,SouthEast,0.484131,0.484131,0.000000,0.000000,father,Navigating,6.905346,1.775838
212.688600,seat_mother,SouthWest,0.484131,0.484131,0.000000,0.000000,none,none,,
213.688600,seat_player,NorthWest,0.484345,0.484345,0.000000,0.000000,player,Working,0.000001,1.857259
213.688600,seat_older_sister,NorthEast,0.484131,0.484131,0.000000,0.000000,older_sister,Working,0.000000,1.857259
213.688700,seat_father,SouthEast,0.484131,0.484131,0.000000,0.000000,father,Navigating,6.670408,1.775838
213.688700,seat_mother,SouthWest,0.484131,0.484131,0.000000,0.000000,none,none,,
214.689300,seat_player,NorthWest,0.484345,0.484345,0.000000,0.000000,player,Working,0.000000,1.857259
214.689400,seat_older_sister,NorthEast,0.484131,0.484131,0.000000,0.000000,older_sister,Working,0.000000,1.857259
214.689400,seat_father,SouthEast,0.484131,0.484131,0.000000,0.000000,father,Navigating,6.563312,1.775838
214.689400,seat_mother,SouthWest,0.484131,0.484131,0.000000,0.000000,none,none,,
215.784400,seat_player,NorthWest,0.484345,0.484345,0.000000,0.000000,player,Working,0.000000,1.857259
215.784400,seat_older_sister,NorthEast,0.484131,0.484131,0.000000,0.000000,older_sister,Working,0.000000,1.857259
215.784400,seat_father,SouthEast,0.484131,0.484131,0.000000,0.000000,father,Navigating,5.698764,1.775838
215.784500,seat_mother,SouthWest,0.484131,0.484131,0.000000,0.000000,mother,Navigating,11.683510,1.775838
216.869400,seat_player,NorthWest,0.484345,0.484345,0.000000,0.000000,player,Working,0.000000,1.857259
216.869500,seat_older_sister,NorthEast,0.484131,0.484131,0.000000,0.000000,older_sister,Working,0.000000,1.857259
216.869500,seat_father,SouthEast,0.484131,0.484131,0.000000,0.000000,father,Navigating,4.700074,1.775838
216.869500,seat_mother,SouthWest,0.484131,0.484131,0.000000,0.000000,mother,Navigating,10.894750,1.775838
217.940100,seat_player,NorthWest,0.484345,0.484345,0.000000,0.000000,player,Working,0.000000,1.857259
217.940100,seat_older_sister,NorthEast,0.484131,0.484131,0.000000,0.000000,older_sister,Working,0.000000,1.857259
217.940100,seat_father,SouthEast,0.484131,0.484131,0.000000,0.000000,father,Navigating,3.828301,1.775838
217.940100,seat_mother,SouthWest,0.484131,0.484131,0.000000,0.000000,mother,Navigating,10.295180,1.775838
219.052900,seat_player,NorthWest,0.484345,0.484345,0.000000,0.000000,player,Working,0.000001,1.857259
219.052900,seat_older_sister,NorthEast,0.484131,0.484131,0.000000,0.000000,older_sister,Working,0.000000,1.857259
219.052900,seat_father,SouthEast,0.484131,0.484131,0.000000,0.000000,father,Navigating,2.961619,1.775838
219.052900,seat_mother,SouthWest,0.484131,0.484131,0.000000,0.000000,mother,Navigating,9.494850,1.775838
220.151700,seat_player,NorthWest,0.484345,0.484345,0.000000,0.000000,player,Working,0.000000,1.857259
220.151800,seat_older_sister,NorthEast,0.484131,0.484131,0.000000,0.000000,older_sister,Working,0.000000,1.857259
220.151800,seat_father,SouthEast,0.484131,0.484131,0.000000,0.000000,father,Navigating,2.159383,1.775838
220.151800,seat_mother,SouthWest,0.484131,0.484131,0.000000,0.000000,mother,Navigating,8.878999,1.775838
221.161800,seat_player,NorthWest,0.484345,0.484345,0.000000,0.000000,player,Working,0.000000,1.857259
221.161900,seat_older_sister,NorthEast,0.484131,0.484131,0.000000,0.000000,older_sister,Working,0.000000,1.857259
221.161900,seat_father,SouthEast,0.484131,0.484131,0.000000,0.000000,father,Navigating,1.820295,1.775838
221.161900,seat_mother,SouthWest,0.484131,0.484131,0.000000,0.000000,mother,Navigating,8.156352,1.775838
222.195000,seat_player,NorthWest,0.484345,0.484345,0.000000,0.000000,player,Working,0.000000,1.857259
222.195100,seat_older_sister,NorthEast,0.484131,0.484131,0.000000,0.000000,older_sister,Working,0.000000,1.857259
222.195100,seat_father,SouthEast,0.484131,0.484131,0.000000,0.000000,father,Navigating,1.906210,1.775838
222.195100,seat_mother,SouthWest,0.484131,0.484131,0.000000,0.000000,mother,Navigating,7.195971,1.775838
223.224700,seat_player,NorthWest,0.484345,0.484345,0.000000,0.000000,player,Working,0.000000,1.857259
223.224700,seat_older_sister,NorthEast,0.484131,0.484131,0.000000,0.000000,older_sister,Working,0.000001,1.857259
223.224700,seat_father,SouthEast,0.484131,0.484131,0.000000,0.000000,father,Navigating,2.381389,1.775838
223.224700,seat_mother,SouthWest,0.484131,0.484131,0.000000,0.000000,mother,Navigating,6.275140,1.775838
