frame,actor,left_pixels,right_pixels,left_outside_pixels,right_outside_pixels,left_min_tile_margin_px,right_min_tile_margin_px,rendered_width,rendered_height,head_width,head_height,head_to_height,shoulder_width,torso_width,leg_width,leg_height,silhouette_pixels,screen_occupation_percent,shoe_centroid_x,shoe_centroid_y,agent_center_x,agent_center_y,shoe_to_agent_x,shoe_to_agent_y
0,player,157,87,0,7,1.856573,-1.052416,28,86,28,25,0.290698,18,21,24,43,1575,0.170898,469.127000,237.110700,470.899100,226.238500,-1.772064,10.872120
0,father,71,96,3,2,-0.646224,-0.695413,28,95,28,32,0.336842,17,18,21,43,1672,0.181424,810.865300,408.398200,809.100900,395.339400,1.764404,13.058780
1,player,119,114,0,8,1.409359,-1.052416,35,88,28,27,0.306818,25,32,35,44,1789,0.194119,470.281100,236.573000,471.194500,226.386200,-0.913361,10.186740
1,father,57,137,0,6,1.142634,-1.142626,31,95,31,31,0.326316,15,15,18,45,1583,0.171767,810.721700,407.556700,808.805500,395.191700,1.916199,12.364960
2,player,98,126,0,7,1.946841,-1.273921,36,88,27,27,0.306818,24,33,36,44,1743,0.189128,472.946400,236.178600,472.080700,226.829300,0.865723,9.349228
2,father,75,113,0,1,2.484270,-0.289255,31,94,26,31,0.329787,23,29,31,44,1807,0.196072,809.457500,405.792500,807.919300,394.748600,1.538208,11.043910
3,player,139,132,1,23,-0.826707,-3.288485,26,91,26,26,0.285714,19,23,25,47,1658,0.179905,476.437300,237.647600,473.557700,227.567900,2.879517,10.079740
3,father,91,103,0,0,1.499599,1.052385,33,93,25,31,0.333333,26,32,33,43,1911,0.207357,805.793800,403.845400,806.442200,394.010100,-0.648377,9.835266
4,player,153,154,2,102,-1.273922,-6.866196,28,90,28,26,0.288889,15,18,27,45,1650,0.179037,480.415300,240.219900,475.330200,228.454100,5.085114,11.765780
4,father,120,101,0,0,2.841238,1.946808,29,93,28,31,0.333333,20,20,27,42,1788,0.194010,801.757900,403.576900,804.669700,393.123900,-2.911804,10.453060
5,player,154,169,19,168,-2.615564,-9.770986,31,91,28,25,0.274725,17,18,29,46,1704,0.184896,483.280200,242.329700,477.102700,229.340300,6.177521,12.989430
5,father,135,109,0,0,3.288452,1.052373,30,92,28,31,0.336957,16,16,26,42,1696,0.184028,799.135300,402.938500,802.897300,392.237700,-3.762024,10.700870
6,player,160,176,40,176,-4.851632,-14.021620,34,91,28,26,0.285714,17,18,33,46,1723,0.186958,486.113100,243.803600,478.875100,230.226500,7.238007,13.577040
6,father,137,112,0,0,3.288450,0.157944,31,92,29,31,0.336957,16,16,27,41,1713,0.185872,797.038100,401.692800,801.124800,391.351500,-4.086670,10.341310
7,player,164,173,50,0,-5.746060,2.394036,36,91,28,25,0.274725,17,18,36,47,1721,0.186741,488.434700,245.019300,480.647500,231.112700,7.787201,13.906560
7,father,135,121,0,0,3.288450,0.157941,33,92,29,31,0.336957,16,16,29,41,1738,0.188585,794.855500,400.613300,799.352500,390.465300,-4.497009,10.148010
8,player,162,177,59,0,-6.193274,2.841248,40,91,28,25,0.274725,17,19,40,46,1737,0.188477,490.851000,246.296500,482.420000,231.999000,8.431061,14.297500
8,father,128,123,0,123,3.288449,-10.891100,34,91,29,31,0.340659,16,16,31,40,1743,0.189128,792.998000,399.631500,797.580000,389.579000,-4.582031,10.052460
9,player,165,173,71,0,-6.866196,2.841248,42,91,28,25,0.274725,17,18,42,47,1725,0.187175,492.497000,247.269200,484.192400,232.885200,8.304657,14.384050
9,father,127,125,0,125,3.288449,-9.996672,34,91,29,31,0.340659,16,16,32,40,1757,0.190647,791.222200,398.769800,795.807600,388.692800,-4.585388,10.077060
10,player,161,175,81,0,-7.760623,2.841247,42,91,28,25,0.274725,17,18,42,47,1732,0.187934,493.866100,248.128000,485.964800,233.771400,7.901245,14.356570
10,father,127,125,0,125,3.288448,-9.549458,34,91,29,31,0.340659,17,17,33,40,1761,0.191081,789.761900,397.908700,794.035200,387.806600,-4.273254,10.102140
11,player,158,175,90,0,-7.760623,2.841247,41,91,28,25,0.274725,17,18,41,47,1729,0.187609,494.373900,248.394900,487.737300,234.657600,6.636597,13.737290
11,father,133,125,0,123,2.841234,-9.102243,33,92,28,32,0.347826,16,16,33,40,1740,0.188802,788.895300,397.139500,792.262700,386.920400,-3.367371,10.219150
12,player,160,178,101,0,-8.207837,2.841246,41,91,27,25,0.274725,17,18,41,47,1741,0.188911,495.192300,248.695300,489.509700,235.543800,5.682617,13.151440
12,father,128,136,0,113,2.841233,-8.655029,32,92,28,32,0.347826,16,16,32,41,1758,0.190755,787.185600,396.287900,790.490200,386.034200,-3.304626,10.253690
13,player,156,179,112,0,-8.655051,2.841246,41,90,27,24,0.266667,17,18,41,47,1727,0.187392,496.091000,249.034300,491.282100,236.430100,4.808929,12.604280
13,father,131,134,0,95,2.394018,-7.760601,32,92,29,31,0.336957,16,16,32,41,1768,0.191840,786.149000,395.707600,788.717900,385.147900,-2.568848,10.559630
14,player,154,182,120,0,-9.102264,2.841246,41,90,28,25,0.277778,17,19,41,46,1740,0.188802,496.892900,249.535700,493.054600,237.316300,3.838287,12.219450
14,father,131,133,0,81,1.946804,-7.313387,32,93,29,32,0.344086,17,17,32,41,1772,0.192274,785.155300,395.193200,786.945400,384.261700,-1.790161,10.931460
15,player,151,187,129,0,-9.102264,2.841246,41,90,27,25,0.277778,17,19,41,46,1751,0.189996,497.849100,250.050300,494.827000,238.202500,3.022125,11.847790
15,father,137,140,0,72,1.499590,-6.866173,32,93,28,31,0.333333,17,17,32,42,1762,0.191189,783.889900,394.752700,785.173000,383.375500,-1.283081,11.377230
16,player,143,182,136,0,-9.549479,2.394032,40,89,29,24,0.269663,17,19,40,46,1730,0.187717,498.672300,250.675400,496.599500,239.088700,2.072845,11.586690
16,father,129,137,0,62,1.499589,-6.418959,31,93,28,32,0.344086,17,17,31,41,1763,0.191298,782.620300,394.233100,783.400600,382.489300,-0.780273,11.743840
17,player,130,183,130,0,-9.549479,2.394032,39,89,28,24,0.269663,17,19,39,46,1709,0.185438,500.081500,251.547900,498.371900,239.974900,1.709564,11.573000
17,father,131,137,131,53,-11.338310,-5.971745,31,93,29,31,0.333333,16,17,31,42,1761,0.191081,781.406700,393.869400,781.628100,381.603100,-0.221375,12.266360
18,player,119,191,119,0,-9.996693,2.394032,38,88,28,25,0.284091,18,19,38,45,1691,0.183485,501.877400,252.703200,500.144300,240.861100,1.733093,11.842090
18,father,132,139,132,44,-10.891100,-5.524530,30,93,29,32,0.344086,16,18,29,41,1755,0.190430,779.880100,393.297100,779.855700,380.716800,0.024414,12.580230
19,player,111,183,6,0,-1.630886,2.394032,37,88,27,25,0.284091,18,19,37,45,1671,0.181315,503.295900,253.642900,501.916800,241.747400,1.379150,11.895480
19,father,138,138,136,35,-9.996672,-5.077316,29,93,28,32,0.344086,17,18,28,41,1775,0.192600,778.630400,392.833300,778.083300,379.830600,0.547180,13.002720
20,player,105,189,9,0,-2.078101,2.394031,35,87,28,25,0.287356,19,20,33,43,1666,0.180773,505.200700,254.823100,503.689200,242.633600,1.511475,12.189540
20,father,136,141,126,27,-8.655029,-4.182888,29,92,28,31,0.336957,17,19,28,41,1771,0.192166,776.713000,392.131800,776.310800,378.944400,0.402222,13.187410
21,player,106,187,12,0,-2.525316,2.394031,34,86,28,25,0.290698,19,21,31,42,1663,0.180447,506.943700,255.820800,505.461700,243.519800,1.482025,12.301030
21,father,136,139,113,16,-7.313387,-3.288460,28,92,28,31,0.336957,17,19,26,41,1767,0.191732,774.787300,391.489100,774.538300,378.058200,0.248962,13.430940
22,player,111,174,8,0,-1.630890,1.946817,33,85,28,25,0.294118,19,22,29,41,1642,0.178168,508.952600,256.763200,507.234100,244.406000,1.718567,12.357130
22,father,148,129,96,7,-6.418959,-1.786859,28,92,28,32,0.347826,17,20,24,40,1769,0.191949,772.640800,390.601100,772.766000,377.172000,-0.125183,13.429110
23,player,107,152,6,0,-1.630891,2.841244,31,85,28,25,0.294118,19,23,26,41,1632,0.177083,511.453700,257.619700,509.006500,245.292200,2.447174,12.327450
23,father,140,108,61,0,-4.630102,0.449208,28,93,28,32,0.344086,18,21,24,41,1777,0.192817,770.213700,389.334700,770.993500,376.285700,-0.779846,13.048950
24,player,98,129,3,0,-1.183678,2.997158,31,85,28,25,0.294118,19,25,26,41,1597,0.173286,513.918500,258.332600,510.779000,246.178500,3.139557,12.154140
24,father,130,93,31,0,-2.841246,1.946812,29,94,28,32,0.340426,19,22,25,43,1776,0.192708,767.652500,387.854200,769.221100,375.399500,-1.568604,12.454710
25,player,69,144,4,0,-0.580550,1.655527,31,86,28,25,0.290698,20,26,29,42,1571,0.170464,516.002300,259.204200,512.551400,247.064700,3.450928,12.139560
25,father,119,81,6,0,-1.052389,0.605173,30,96,28,32,0.333333,20,24,27,45,1758,0.190755,764.835000,385.860000,767.448600,374.513300,-2.613586,11.346710
26,player,77,176,41,0,-4.158255,1.208314,32,87,28,26,0.298851,20,27,31,42,1614,0.175130,517.867600,260.456500,514.323800,247.950900,3.543823,12.505620
26,father,90,107,0,0,6.418947,0.605171,29,97,27,32,0.329897,20,25,28,46,1784,0.193576,762.723300,384.291900,765.676200,373.627100,-2.952881,10.664790
27,player,106,188,96,0,-7.288744,0.313879,33,88,27,26,0.295455,20,28,33,43,1687,0.183051,520.275500,261.867300,516.096300,248.837100,4.179260,13.030230
27,father,88,116,0,0,6.418944,1.499596,30,97,28,31,0.319588,21,26,30,47,1813,0.196723,760.671600,383.186300,763.903700,372.740900,-3.232178,10.445400
28,player,133,201,133,14,-9.972021,-1.474970,35,88,27,26,0.295455,20,29,35,42,1773,0.192383,523.446100,263.362300,517.868700,249.723300,5.577393,13.638930
28,father,90,119,0,0,4.630085,1.946807,32,97,28,31,0.319588,21,27,32,47,1837,0.199327,758.476100,382.117200,762.131300,371.854700,-3.655212,10.262540
29,player,160,189,0,17,1.499601,-1.474974,37,89,28,26,0.292135,21,31,37,43,1821,0.197591,526.626100,265.161900,519.641100,250.609600,6.984985,14.552340
29,father,93,122,0,0,2.841230,1.499597,33,97,28,31,0.319588,21,28,33,47,1848,0.200521,756.118600,381.346500,760.358900,370.968400,-4.240295,10.378050
30,player,174,192,0,30,1.499601,-2.369392,38,88,27,25,0.284091,21,31,38,43,1865,0.202366,529.439900,266.827900,521.413600,251.495800,8.026306,15.332120
30,father,94,129,94,0,-11.338370,1.946803,35,97,27,31,0.319588,22,29,35,47,1873,0.203234,754.042600,380.692800,758.586400,370.082200,-4.543823,10.610630
31,player,170,187,0,51,1.499601,-3.263827,39,88,27,25,0.284091,20,31,39,43,1875,0.203451,530.799700,267.390700,523.186000,252.382000,7.613770,15.008760
31,father,95,132,95,0,-10.891150,1.499594,36,97,28,31,0.319588,24,30,36,47,1881,0.204102,752.632100,379.971400,756.814000,369.196000,-4.181824,10.775390
32,player,168,188,0,64,1.946815,-4.158245,40,89,27,25,0.280899,20,33,40,43,1892,0.205295,531.755600,267.424200,524.958400,253.268200,6.797180,14.155960
32,father,98,136,98,0,-10.443940,1.499593,36,97,28,31,0.319588,24,30,36,47,1891,0.205187,751.153900,379.038500,755.041600,368.309800,-3.887695,10.728670
33,player,164,186,0,86,2.394029,-5.052680,41,89,28,26,0.292135,20,34,41,43,1906,0.206814,532.908600,267.777100,526.730900,254.154400,6.177673,13.622700
33,father,106,135,106,0,-9.996726,1.499592,37,97,28,30,0.309278,24,31,37,48,1889,0.204970,749.462600,378.043600,753.269100,367.423600,-3.806458,10.620000
34,player,163,188,0,100,2.841242,-5.947106,42,90,27,26,0.288889,20,33,42,44,1907,0.206923,533.702300,267.995700,528.503400,255.040600,5.198914,12.955090
34,father,107,138,96,0,-9.996726,1.499592,38,98,28,31,0.316327,24,31,38,48,1885,0.204536,748.140800,377.377600,751.496600,366.537300,-3.355835,10.840240
35,player,159,184,0,117,3.288456,-6.394319,41,90,28,26,0.288889,20,34,41,44,1907,0.206923,534.765300,268.336700,530.275800,255.926800,4.489563,12.409880
35,father,110,137,85,0,-9.102298,1.052378,38,98,28,31,0.316327,25,31,38,48,1887,0.204753,746.730800,376.601200,749.724200,365.651100,-2.993469,10.950130
36,player,157,191,0,134,3.288456,-7.288744,42,91,28,25,0.274725,20,33,42,45,1921,0.208442,535.356300,268.663800,532.048200,256.813100,3.308105,11.850710
36,father,115,133,81,0,-8.655084,1.052376,37,97,29,31,0.319588,24,31,37,47,1869,0.202800,745.383100,375.996000,747.951800,364.764900,-2.568726,11.231080
37,player,162,188,0,144,3.288456,-7.735958,42,92,27,25,0.271739,20,33,42,46,1917,0.208008,536.291400,269.228600,533.820700,257.699300,2.470764,11.529270
37,father,119,138,74,0,-8.207870,0.605162,37,97,28,31,0.319588,24,32,37,47,1877,0.203668,744.149800,375.461100,746.179300,363.878700,-2.029541,11.582400
38,player,158,190,0,163,3.288456,-8.183170,42,93,27,26,0.279570,20,32,42,46,1909,0.207140,537.011500,269.683900,535.593100,258.585500,1.418396,11.098360
38,father,114,137,63,2,-7.399487,-0.289265,37,97,28,31,0.319588,24,31,37,47,1865,0.202366,743.117600,375.065700,744.406900,362.992500,-1.289307,12.073240
39,player,154,188,0,177,3.288456,-9.077592,42,94,27,26,0.276596,20,32,42,47,1892,0.205295,537.824600,270.184200,537.365500,259.471700,0.459106,10.712460
39,father,118,135,61,2,-6.952273,-0.289266,37,96,29,31,0.322917,23,30,37,47,1841,0.199761,741.832000,374.555300,742.634500,362.106200,-0.802490,12.449100
40,player,161,181,0,181,3.288456,-9.524805,41,94,28,26,0.276596,20,29,41,48,1883,0.204319,539.043900,270.959100,539.137900,260.357900,-0.094055,10.601140
40,father,115,131,51,5,-6.057844,-0.736480,36,96,28,30,0.312500,24,30,36,47,1837,0.199327,740.569100,374.004100,740.862100,361.220000,-0.292969,12.784060
41,player,158,181,0,181,3.288456,-9.972019,40,95,28,26,0.273684,19,29,40,49,1859,0.201714,539.818600,271.671100,540.910400,261.244200,-1.091797,10.426910
41,father,118,131,48,9,-5.610629,-1.630907,34,95,28,30,0.315790,23,29,34,46,1822,0.197700,739.347400,373.696800,739.089700,360.333800,0.257752,13.362980
42,player,161,179,0,179,3.288456,-10.419230,40,95,28,26,0.273684,20,28,40,49,1831,0.198676,541.055900,272.776500,542.682700,262.130400,-1.626831,10.646060
42,father,120,120,41,120,-5.163414,-8.207872,33,96,28,31,0.322917,21,28,33,46,1805,0.195855,737.766700,373.070800,737.317200,359.447600,0.449463,13.623230
43,player,162,174,0,6,3.288456,-1.183680,38,95,28,26,0.273684,19,28,38,49,1826,0.198134,542.747000,274.014900,544.455200,263.016600,-1.708191,10.998260
43,father,121,112,33,112,-4.268985,-7.760655,32,95,29,31,0.326316,21,27,32,45,1785,0.193685,736.027900,372.281100,735.544700,358.561400,0.483154,13.719760
44,player,161,179,0,13,3.288456,-2.078108,37,95,29,26,0.273684,19,27,37,49,1827,0.198242,544.397000,275.235300,546.227700,263.902800,-1.830627,11.332460
44,father,120,106,21,106,-2.927341,-7.313441,30,95,28,31,0.326316,21,26,30,45,1775,0.192600,734.256700,371.389400,733.772300,357.675100,0.484375,13.714230
45,player,159,182,0,18,3.288456,-2.525321,34,94,28,26,0.276596,18,25,34,48,1798,0.195096,546.300600,276.388500,548.000100,264.789100,-1.699524,11.599490
45,father,113,105,9,105,-1.138491,-6.866227,29,94,28,31,0.329787,20,25,28,44,1750,0.189887,732.582600,370.761500,731.999800,356.788900,0.582764,13.972530
46,player,142,193,0,19,2.796140,-2.525321,32,93,28,26,0.279570,18,24,32,47,1758,0.190755,548.425400,277.464200,549.772600,265.675300,-1.347229,11.788910
46,father,112,102,0,100,0.203151,-5.971799,28,94,28,31,0.329787,19,24,27,44,1741,0.188911,730.598100,369.813100,730.227400,355.902700,0.370728,13.910370
47,player,123,183,0,17,1.901713,-2.525321,30,92,28,26,0.282609,18,23,30,46,1698,0.184245,550.784300,278.728800,551.545000,266.561500,-0.760742,12.167270
47,father,107,107,0,84,1.544792,-5.077371,28,94,28,31,0.329787,19,22,25,44,1721,0.186741,728.654200,368.808400,728.455000,355.016500,0.199280,13.791930
48,player,96,169,0,11,0.560072,-2.078108,28,91,28,26,0.285714,18,21,27,45,1626,0.176432,553.371700,280.020800,553.317500,267.447700,0.054199,12.573060
48,father,107,99,0,49,0.650365,-3.374556,28,93,28,31,0.333333,18,21,22,43,1703,0.184787,726.194200,367.335000,726.682500,354.130300,-0.488342,13.204650
49,player,107,131,1,7,-0.334357,-1.630894,28,90,28,25,0.277778,17,20,25,45,1586,0.172092,556.357100,280.869800,555.089900,268.333900,1.267212,12.535830
49,father,112,96,0,17,1.544794,-1.499658,28,93,28,31,0.333333,17,20,21,43,1689,0.183268,723.562500,365.721200,724.910200,353.244000,-1.347656,12.477110
50,player,85,150,0,27,1.052388,-2.570420,28,90,28,25,0.277778,16,18,23,45,1572,0.170573,559.487200,281.406400,556.862300,269.220200,2.624939,12.186220
50,father,114,96,0,0,2.439224,0.158011,28,93,28,31,0.333333,16,19,21,43,1677,0.181966,721.023800,364.138100,723.137700,352.357800,-2.113892,11.780270
51,player,131,136,0,68,0.560077,-5.253708,28,90,28,25,0.277778,16,18,23,45,1633,0.177192,562.589900,282.279000,558.634800,270.106400,3.955139,12.172670
51,father,123,96,0,0,3.288508,0.605222,28,92,28,31,0.336957,17,17,23,42,1681,0.182400,718.563900,362.783100,721.365200,351.471600,-2.801331,11.311490
52,player,150,154,8,136,-1.228781,-7.489780,29,91,28,26,0.285714,16,18,27,46,1688,0.183160,565.651300,283.641400,560.407200,270.992600,5.244080,12.648860
52,father,130,102,0,0,3.288505,1.052430,29,92,28,31,0.336957,17,17,25,42,1690,0.183377,716.185400,361.444000,719.592800,350.585400,-3.407410,10.858580
53,player,158,176,24,176,-3.017640,-11.514710,32,90,28,25,0.277778,17,19,31,46,1716,0.186198,568.598800,284.985000,562.179700,271.878800,6.419128,13.106230
53,father,133,107,0,0,3.288507,1.052427,30,93,29,32,0.344086,16,16,25,42,1702,0.184679,714.029200,360.229200,717.820300,349.699200,-3.791138,10.529970
54,player,167,178,43,0,-5.253710,1.946834,35,91,28,25,0.274725,17,18,35,46,1739,0.188694,571.187000,286.294200,563.952100,272.765000,7.234802,13.529170
54,father,139,120,0,0,3.288505,0.157998,32,92,29,32,0.347826,16,16,28,41,1723,0.186958,711.689200,359.171800,716.047900,348.813000,-4.358704,10.358860
55,player,164,175,53,0,-5.700924,2.394052,38,91,28,26,0.285714,17,18,38,46,1728,0.187500,573.647500,287.697600,565.724500,273.651200,7.922974,14.046390
55,father,134,124,0,1,3.288504,-0.289218,33,92,29,32,0.347826,16,16,29,41,1739,0.188694,709.550400,358.034900,714.275500,347.926700,-4.725037,10.108180
56,player,165,171,65,0,-6.595351,2.841269,40,91,28,25,0.274725,17,18,40,47,1729,0.187609,575.708300,288.788700,567.497000,274.537500,8.211304,14.251220
56,father,126,125,0,125,3.288504,-10.443910,34,92,29,32,0.347826,16,16,31,41,1745,0.189345,707.794800,357.093600,712.503000,347.040500,-4.708191,10.053100
57,player,161,175,75,0,-7.489780,2.841274,42,91,28,25,0.274725,17,19,42,46,1733,0.188043,577.788700,289.970200,569.269500,275.423700,8.519226,14.546570
57,father,126,119,0,119,3.288503,-9.549484,34,92,29,32,0.347826,16,16,32,41,1747,0.189562,706.324500,356.238800,710.730500,346.154300,-4.406067,10.084470
58,player,158,170,85,0,-7.936995,2.841277,42,91,28,25,0.274725,17,19,42,47,1719,0.186523,578.475600,290.405500,571.041900,276.309900,7.433655,14.095610
58,father,127,120,0,120,3.288502,-9.102270,33,92,29,32,0.347826,16,16,32,41,1767,0.191732,705.119400,355.447400,708.958200,345.268100,-3.838745,10.179290
59,player,162,175,96,0,-7.936995,2.841277,41,91,28,25,0.274725,17,18,41,47,1735,0.188260,579.022300,290.678000,572.814300,277.196100,6.207947,13.481930
59,father,130,127,0,122,2.841289,-8.655056,32,92,29,31,0.336957,16,16,32,41,1754,0.190321,703.877400,354.585600,707.185700,344.381900,-3.308289,10.203700
60,player,157,178,106,0,-8.384210,2.841277,41,90,29,24,0.266667,17,18,41,46,1732,0.187934,580.171600,291.144800,574.586800,278.082300,5.584839,13.062440
60,father,129,134,0,111,2.841287,-8.207842,32,93,28,32,0.344086,16,16,32,41,1751,0.189996,702.328900,353.785200,705.413300,343.495600,-3.084351,10.289520
61,player,155,179,113,0,-8.831425,2.841279,41,91,28,25,0.274725,17,18,41,47,1729,0.187609,580.778400,291.413200,576.359200,278.968600,4.419250,12.444610
61,father,130,136,0,95,2.394073,-7.313414,32,93,29,32,0.344086,16,16,32,42,1768,0.191840,701.030100,353.165400,703.640800,342.609500,-2.610718,10.555940
62,player,152,183,122,0,-8.831425,2.841279,41,91,28,25,0.274725,17,19,41,47,1742,0.189019,581.750700,291.864200,578.131700,279.854800,3.619080,12.009400
62,father,132,139,0,84,1.946859,-6.866200,32,94,29,32,0.340426,16,16,32,42,1772,0.192274,700.016600,352.736200,701.868300,341.723200,-1.851746,11.012940
63,player,147,182,129,0,-9.278639,2.841279,41,90,28,24,0.266667,17,19,41,47,1742,0.189019,582.563800,292.421000,579.904100,280.741000,2.659729,11.679990
63,father,134,136,0,71,1.499644,-6.418986,32,93,28,32,0.344086,17,17,32,41,1764,0.191406,698.963000,352.303700,700.095900,340.837000,-1.132935,11.466740
64,player,136,180,133,0,-9.278639,2.394067,40,89,28,25,0.280899,17,19,40,45,1730,0.187717,583.642400,293.196200,581.676600,281.627200,1.965820,11.569000
64,father,130,137,130,63,-11.785550,-5.971772,31,94,28,32,0.340426,17,17,31,42,1763,0.191298,697.668500,351.882000,698.323400,339.950800,-0.654907,11.931240
65,player,122,187,122,0,-9.725854,2.394070,39,89,27,25,0.280899,17,19,39,45,1708,0.185330,585.474100,294.228100,583.449000,282.513400,2.025146,11.714720
65,father,132,143,132,56,-10.891130,-5.524558,30,93,28,32,0.344086,17,17,30,41,1772,0.192274,696.209100,351.438200,696.551000,339.064500,-0.341858,12.373630
66,player,117,183,117,0,-10.173070,2.394070,38,89,28,25,0.280899,18,19,38,45,1685,0.182834,586.656700,295.163300,585.221400,283.399700,1.435242,11.763670
66,father,134,136,134,43,-9.996698,-5.077344,30,93,29,31,0.333333,16,18,29,42,1762,0.191189,695.044400,350.888900,694.778600,338.178300,0.265869,12.710540
67,player,113,187,9,0,-2.078082,2.394070,36,88,28,25,0.284091,18,19,35,44,1668,0.180990,588.243300,296.376700,586.993900,284.285900,1.249451,12.090820
67,father,136,142,134,38,-9.434527,-4.515166,30,93,29,32,0.344086,16,18,28,41,1774,0.192491,693.410100,350.377700,693.006100,337.292100,0.403992,13.085570
68,player,109,192,9,0,-2.525291,2.394072,35,87,27,25,0.287356,19,21,33,43,1667,0.180881,590.220900,297.287400,588.766400,285.172100,1.454590,12.115300
68,father,132,138,124,26,-8.207842,-3.620737,29,93,28,32,0.344086,17,19,28,41,1762,0.191189,691.611100,349.692600,691.233600,336.405900,0.377441,13.286710
69,player,105,183,9,0,-1.630859,2.394072,34,86,27,25,0.290698,19,22,31,42,1650,0.179037,592.132000,298.371500,590.538800,286.058300,1.593140,12.313230
69,father,141,136,114,15,-6.866200,-2.726307,28,92,28,32,0.347826,17,19,26,40,1772,0.192274,689.572200,348.972900,689.461200,335.519700,0.111023,13.453250
70,player,115,170,9,0,-2.078069,2.394075,32,85,27,25,0.294118,19,22,28,41,1647,0.178711,594.226300,299.264900,592.311200,286.944500,1.915100,12.320400
70,father,144,118,88,4,-5.524558,-0.937452,28,92,28,32,0.347826,18,19,24,41,1772,0.192274,687.469500,347.896900,687.688700,334.633500,-0.219238,13.263460
71,player,105,144,6,0,-2.078063,2.841292,30,85,27,25,0.294118,20,23,26,41,1631,0.176975,596.720900,300.142600,594.083700,287.830700,2.637207,12.311830
71,father,137,105,57,0,-4.182916,0.404192,28,93,28,31,0.333333,18,21,24,42,1782,0.193359,684.929700,346.628100,685.916400,333.747300,-0.986633,12.880860
72,player,99,119,2,0,-0.736420,2.147875,31,86,28,25,0.290698,20,25,24,41,1592,0.172743,599.197300,300.848600,595.856100,288.716900,3.341187,12.131680
72,father,125,89,25,0,-2.279093,1.052414,29,94,28,31,0.329787,19,23,25,43,1765,0.191515,682.243000,345.014000,684.143900,332.861000,-1.900940,12.152980
73,player,55,166,10,0,-1.429833,1.700662,31,86,28,25,0.290698,20,26,29,41,1575,0.170898,600.943400,301.762500,597.628500,289.603200,3.314880,12.159270
73,father,112,84,1,0,-0.043020,0.157987,30,96,28,31,0.322917,20,24,28,45,1766,0.191623,679.632600,343.147900,682.371500,331.974800,-2.738831,11.173160
74,player,82,181,55,0,-4.560328,1.700662,32,87,28,25,0.287356,20,27,32,42,1630,0.176866,602.899200,303.024700,599.401000,290.489400,3.498230,12.535340
74,father,93,106,0,0,5.971760,1.052412,29,97,27,31,0.319588,21,25,29,46,1793,0.194553,677.555300,341.595500,680.599000,331.088600,-3.043701,10.506930
75,player,112,196,111,1,-8.138037,-0.088193,34,87,28,25,0.287356,20,29,34,42,1709,0.185438,605.701300,304.616900,601.173500,291.375600,4.527832,13.241270
75,father,86,117,0,0,6.866182,1.946836,31,97,28,31,0.319588,21,27,31,46,1815,0.196940,675.475300,340.593600,678.826600,330.202400,-3.351257,10.391240
76,player,139,196,139,16,-10.374110,-2.324261,35,88,27,25,0.284091,20,30,35,43,1789,0.194119,609.010400,306.088100,602.945900,292.261800,6.064514,13.826260
76,father,90,120,0,0,3.288472,1.946832,33,98,28,31,0.316327,22,28,33,47,1849,0.200629,673.238100,339.628600,677.054100,329.316200,-3.816040,10.312410
77,player,164,190,0,21,1.499616,-1.877047,37,88,27,25,0.284091,20,30,37,43,1840,0.199653,612.067800,307.966100,604.718400,293.148000,7.349426,14.818050
77,father,92,125,0,0,2.841258,1.499623,34,97,28,31,0.319588,22,28,34,47,1857,0.201497,670.988500,338.836400,675.281700,328.429900,-4.293213,10.406460
78,player,168,188,0,37,1.499609,-2.771474,39,89,28,26,0.292135,20,32,39,43,1873,0.203234,614.533700,309.328600,606.490700,294.034300,8.042969,15.294370
78,father,90,130,90,0,-11.022370,1.499623,35,97,28,31,0.319588,23,30,35,47,1869,0.202800,669.081800,338.309100,673.509200,327.543700,-4.427368,10.765380
79,player,167,188,0,54,1.946826,-3.218688,40,89,27,26,0.292135,21,33,40,43,1885,0.204536,615.488700,309.567600,608.263200,294.920500,7.225525,14.647090
79,father,97,137,97,0,-10.575150,1.499622,36,97,28,31,0.319588,23,30,36,47,1877,0.203668,667.585400,337.367500,671.736800,326.657500,-4.151367,10.710020
80,player,166,189,0,76,2.394039,-4.560328,40,89,28,26,0.292135,20,33,40,43,1901,0.206272,616.612700,309.874600,610.035600,295.806700,6.577026,14.067930
80,father,102,131,102,0,-10.127940,1.499621,36,97,28,31,0.319588,23,30,36,47,1883,0.204319,666.057900,336.358400,669.964400,325.771300,-3.906433,10.587100
81,player,162,188,0,89,2.394039,-5.007542,41,90,27,26,0.288889,21,33,41,44,1902,0.206380,617.542800,309.982800,611.808100,296.692900,5.734741,13.289950
81,father,107,137,103,0,-9.996647,1.499619,37,97,28,31,0.319588,24,31,37,47,1889,0.204970,664.573800,335.651600,668.191900,324.885100,-3.618103,10.766570
82,player,160,189,0,109,2.841252,-5.901969,42,91,27,26,0.285714,20,33,42,45,1915,0.207791,618.540100,310.313800,613.580500,297.579100,4.959595,12.734620
82,father,111,134,96,0,-9.549434,1.052406,38,97,28,31,0.319588,24,32,38,47,1890,0.205078,663.124500,334.834700,666.419400,323.998800,-3.294922,10.835850
83,player,155,190,0,123,3.288464,-6.796396,41,91,27,26,0.285714,21,32,41,45,1911,0.207357,619.256500,310.644900,615.353000,298.465400,3.903564,12.179570
83,father,114,140,84,0,-9.102221,0.605192,38,97,28,31,0.319588,24,31,38,48,1893,0.205404,661.775600,334.161400,664.647100,323.112600,-2.871521,11.048800
84,player,161,190,0,138,3.288464,-7.243610,42,92,27,26,0.282609,21,33,42,46,1919,0.208225,620.309100,311.158100,617.125400,299.351600,3.183777,11.806520
84,father,116,135,76,0,-8.339087,0.605191,37,97,29,31,0.319588,24,31,37,48,1866,0.202474,660.336700,333.432300,662.874600,322.226400,-2.537964,11.205870
85,player,161,190,0,138,3.288464,-7.243610,42,92,27,26,0.282609,21,33,42,46,1919,0.208225,620.309100,311.158100,617.125400,299.351600,3.183777,11.806520
85,father,114,139,70,0,-8.339087,0.157977,37,96,29,30,0.312500,25,31,37,47,1871,0.203017,659.673900,333.235200,661.496800,321.529000,-1.822937,11.706150
