"RelativePath","Length","SHA256"
"build-receipt.json","1181","955AE7795D274875DC53F91048D7807DFFBA7C8B2F1BA866B3112B46A5B16E69"
"D3D12/D3D12Core.dll","4725304","625BD40005B1C3708695D5256ECF230D278E6B8EDBA5A88AF70F3D91324F3052"
"D3D12/d3d12SDKLayers.dll","4930104","C0730CC70D3250D3DE19C04C17845BA9E70EECAF502D684D1409195EBC5B5959"
"FamilyCompany3DMotionLab_Data/app.info","36","DC492AC0FED43D41A7C2E2DAD992CE9A56E3CFCFE1CD8E99F31368B71FD4B690"
"FamilyCompany3DMotionLab_Data/boot.config","336","CDEB70E8CA29F456BAA915E485DEDDBB495A0A643E3DCCB304F2AF19D46C9E74"
"FamilyCompany3DMotionLab_Data/globalgamemanagers","118340","26E1A068914FD570162C57BDEB7A8CF0107A31E38375389876154D45DC52CF16"
"FamilyCompany3DMotionLab_Data/globalgamemanagers.assets","104916","68DB15CAC80BEC8E5F4A608FEA0385C4A51BA2F0377339A4EEEADF39EDC9C2EC"
"FamilyCompany3DMotionLab_Data/globalgamemanagers.assets.resS","2798288","EBF0F91664C0AA69E3B92E93D4D4E6FEAE1A9152529B0EFEAC047E3C9C3B0FC0"
"FamilyCompany3DMotionLab_Data/level0","307484","FFA78DA89CBB41B7C3E657ED7CEB2DAB66B8D2EA121F634CC4EFDA71E1D4ACBE"
"FamilyCompany3DMotionLab_Data/Managed/Assembly-CSharp.dll","27136","0E51E25731E4C5B6A510B909CF08F6205F2E999A71087DBD9AB196BECE51B21D"
"FamilyCompany3DMotionLab_Data/Managed/Assembly-CSharp.pdb","24900","7B2FCF865500596D6C593A020E24016E1BF06EDD04691DA3037CCC2B8D83B7E5"
"FamilyCompany3DMotionLab_Data/Managed/FamilyCompany.Infrastructure.Unity.dll","13824","2BEBDABE6052BD48024D9B94DCDB9BB09B5EACB290137CE3C9B75E25DF396F23"
"FamilyCompany3DMotionLab_Data/Managed/FamilyCompany.Infrastructure.Unity.pdb","20460","E8EF5C7CE5C073C9D988E573209B5185A112A30241904B68BC7FBEA60569006A"
"FamilyCompany3DMotionLab_Data/Managed/FamilyCompany.Presentation.Unity.dll","1733632","03CD2F70AC7E66DA60CBEB69495FC2826CD004297E39E04C95FCF6464A25BBD3"
"FamilyCompany3DMotionLab_Data/Managed/FamilyCompany.Presentation.Unity.pdb","576012","80AB7D018A1242431B9A5EB8C1CC45847DED60624137801CAE0334E49437074F"
"FamilyCompany3DMotionLab_Data/Managed/FamilyCompany.Qa.Core.dll","114176","FB0DBE0353C9F3BE8C3BCDABD30F5C37DE6AA2BA66BD0A274CA1D8678CEB0E1B"
"FamilyCompany3DMotionLab_Data/Managed/FamilyCompany.Qa.Core.pdb","45948","8326F513ADC6C424EADE7F291216A21418A00B4AAB1EF336C65DA6F587D08AD2"
"FamilyCompany3DMotionLab_Data/Managed/FamilyCompany.Save.dll","47616","6E26942B92F24C2FE9E995846621844DD8CAF7B2BD09BE6915A9080E6984C46E"
"FamilyCompany3DMotionLab_Data/Managed/FamilyCompany.Save.pdb","21644","46E2CF875342A45C2A955F30D6B03A9029788DD6DAC4DEAC536D2C5934F8A609"
"FamilyCompany3DMotionLab_Data/Managed/FamilyCompany.Simulation.dll","672768","C8FDE12A26E3DE9E117A818705E27266C0A0CD799447C5F9B8EA68EBF1FE72FF"
"FamilyCompany3DMotionLab_Data/Managed/FamilyCompany.Simulation.pdb","253616","ACF9030E6747E5F60000D54EC7170DDE2B66FDB8DC1A65458A6DD8DD1F825570"
"FamilyCompany3DMotionLab_Data/Managed/Mono.Security.dll","241152","618009319DBF3AE374F9B5DC0D0522E1E1BDD172200C120A5471747B7991A584"
"FamilyCompany3DMotionLab_Data/Managed/mscorlib.dll","4632064","6C76E06E6D44CF0F39BF59E6A90770968B70093AD4C1572DFBC5E46E431C5FBF"
"FamilyCompany3DMotionLab_Data/Managed/netstandard.dll","90112","6AE62E082DC494A2433984177F60CA4DB5FAE69B1F360A8B33754172B310B8C5"
"FamilyCompany3DMotionLab_Data/Managed/System.ComponentModel.Composition.dll","257024","0C3E81771A5FE9657BEA02887996DE72606C3CB247E4FBE413F743F40E2AF244"
"FamilyCompany3DMotionLab_Data/Managed/System.Configuration.dll","124928","04907729E87A101E62D3A5C93CFA16688BEE745D05440D6DAA0C541964BE27AB"
"FamilyCompany3DMotionLab_Data/Managed/System.Core.dll","1113088","A5E7D47313DA0ECA0B92A901A30498F5E970916FAF63B70B74DD62B09760ED72"
"FamilyCompany3DMotionLab_Data/Managed/System.Data.DataSetExtensions.dll","29696","498F14C37D83F946A47A79E01DE777E62F269EE9C3820F2026B59AB1C1B9222F"
"FamilyCompany3DMotionLab_Data/Managed/System.Data.dll","2125312","427478545CE66B632414CA838088EA073F250ED16B21C70005F48CB571350E47"
"FamilyCompany3DMotionLab_Data/Managed/System.dll","2641920","7019D6B6DBFA07CF30F62E7D3CCB969F70CBF001FD72112938FFB535C7F75D81"
"FamilyCompany3DMotionLab_Data/Managed/System.Drawing.dll","489984","E182E688223ACEDB8135227E8FBFF17D5ED22F47F81141AA9CB96EF1AB9926FC"
"FamilyCompany3DMotionLab_Data/Managed/System.EnterpriseServices.dll","44544","84AF394AD863E31407EB2B9555CA7E96A9F1966630F5D7F0EEC54F0011F6BABC"
"FamilyCompany3DMotionLab_Data/Managed/System.IO.Compression.dll","114688","80421A67B4162A5F1B4AAD6A8327C6D1FB4B04DEDD39DAE14A770B812594FAE2"
"FamilyCompany3DMotionLab_Data/Managed/System.IO.Compression.FileSystem.dll","18432","2730D2A27F9362259A406EA14727E5F0A71BC21A6825BE94F8623A84BD9F9C79"
"FamilyCompany3DMotionLab_Data/Managed/System.Net.Http.dll","122880","3CD3AC19050D5031C13644CD87958AD8029B79CE16C7747FAF3D0542E7FB45A3"
"FamilyCompany3DMotionLab_Data/Managed/System.Numerics.dll","119296","AC9224B32355A09F09B706CAB568384F64CF8116825C5911CEF1E13221C61C38"
"FamilyCompany3DMotionLab_Data/Managed/System.Runtime.dll","12288","E0A7334B7BA419AAAB6BD3BB6992D693E689341A9178172C9BF99C2AA6A085BD"
"FamilyCompany3DMotionLab_Data/Managed/System.Runtime.Serialization.dll","934400","1152EF687DBE39E0CCB6B9A68F6501004415A729072DF29ABAB3BC7C66840217"
"FamilyCompany3DMotionLab_Data/Managed/System.Security.dll","320000","2101A4DD4475285F96B1AC3BA1715A52AA8067690709E675CC49A9EB8ED901A4"
"FamilyCompany3DMotionLab_Data/Managed/System.ServiceModel.Internals.dll","215040","888EC94A59C127854871B76AFA49FDCEFDF723C0F0B6FD78E87F73A8495B63B5"
"FamilyCompany3DMotionLab_Data/Managed/System.Transactions.dll","35328","F65DBC257D26A361DCC01EDD58BF3E542D186C8EE492A4F7A62B0DD7D59F7050"
"FamilyCompany3DMotionLab_Data/Managed/System.Xml.dll","3160064","79194220ADFCF027A334C87B1ADCC6D07B9660A4061E04B3D9500C10D30F7D49"
"FamilyCompany3DMotionLab_Data/Managed/System.Xml.Linq.dll","136704","4F5D6BF313CBF091E7BFF83D07DD03ED93D0ECB3DDB025AE786AADD6B5F477FB"
"FamilyCompany3DMotionLab_Data/Managed/Unity.2D.Animation.Runtime.dll","94208","03AE58BACB18D108350DA7BA1D75F87304C66D63119125CD7E5EAEF2617DC991"
"FamilyCompany3DMotionLab_Data/Managed/Unity.2D.Animation.Runtime.pdb","59232","A8F7E7764844610131EE2EF607329722E50EE0BE6EC67D17AF7E952D30C21F35"
"FamilyCompany3DMotionLab_Data/Managed/Unity.2D.Common.Runtime.dll","63488","2BD6C75C31C5C6DBD43184B9048BC30365ECEE7E47C33B053B4CFA942B8B3A2D"
"FamilyCompany3DMotionLab_Data/Managed/Unity.2D.Common.Runtime.pdb","53580","2D444605780009AEF777AF13DB59F4E2BF17B324CE73C9761D3E94BDF72E0408"
"FamilyCompany3DMotionLab_Data/Managed/Unity.2D.IK.Runtime.dll","29184","2F200274ACBA3F7DEB245B8392F573EBCC003556A4975B488C6802A0BE42A2DE"
"FamilyCompany3DMotionLab_Data/Managed/Unity.2D.IK.Runtime.pdb","32016","D53B69AE59DB940801F88B987CAEF9E84839284EF24CCF723B8F0530FC01555D"
"FamilyCompany3DMotionLab_Data/Managed/Unity.Burst.dll","335360","923139E27C60959FAE62BF624F90EAC064461527F24ECC55C9B4709606342677"
"FamilyCompany3DMotionLab_Data/Managed/Unity.Burst.pdb","221976","2AD17110E1B75CC635821A4A76C96DAF1AE06A79DEC9568768948C5FC7ACCFEC"
"FamilyCompany3DMotionLab_Data/Managed/Unity.Burst.Unsafe.dll","5632","9D9C1FF52411DECBEE5D9F0D1CD61EBEAA222077AA77A52101EA3DEBAFAE98E2"
"FamilyCompany3DMotionLab_Data/Managed/Unity.Collections.dll","500224","430D65084C51EBB7262B6830242D0264DE41FFE0F1772A4E2C2B57F50F556915"
"FamilyCompany3DMotionLab_Data/Managed/Unity.Collections.LowLevel.ILSupport.dll","5120","FF50383F807F9692E4913B97E47D86FEFCB8FAA33D6D48CD3E3FD6FC7FFB448D"
"FamilyCompany3DMotionLab_Data/Managed/Unity.Collections.pdb","315068","C5FB92C574C44AC6C55CA7C8296FA96FE44A9983B3F651761C21941717B22E1D"
"FamilyCompany3DMotionLab_Data/Managed/Unity.InternalAPIEngineBridge.001.dll","7168","EADF3297A5F5EC4092D0D8153379BAF983DD61ABF31E10759E3B708AFE826E86"
"FamilyCompany3DMotionLab_Data/Managed/Unity.InternalAPIEngineBridge.001.pdb","17756","30D8CFF69B2C627917686BD6D2C3ADB6B3A8537E6F5DBE9FCF18FA74BA183C7E"
"FamilyCompany3DMotionLab_Data/Managed/Unity.InternalAPIEngineBridge.004.dll","4608","6F633B6F66BC6527E09FE520C03C3A6D0159751AC8C740601C2F5D91FD22A0A2"
"FamilyCompany3DMotionLab_Data/Managed/Unity.InternalAPIEngineBridge.004.pdb","16828","273881E1E78CE17894112052CF6C7981AEA23E3CEF1DBDE377C141E4F4A019CF"
"FamilyCompany3DMotionLab_Data/Managed/Unity.Mathematics.dll","886784","74813904793D115F7673725B2EBC0BD95B36210EDD5C09475D665BAA5B2AE164"
"FamilyCompany3DMotionLab_Data/Managed/Unity.Mathematics.pdb","516176","49E792DD48B1F881E82E21C6D384D472675D3E2FB4C88E3EB3F180CD4810E909"
"FamilyCompany3DMotionLab_Data/Managed/Unity.TextMeshPro.dll","506880","70FE243B52F391CFD80A91061118C2D6E9A4027A8F8203A19F75535DDBD82CF2"
"FamilyCompany3DMotionLab_Data/Managed/Unity.TextMeshPro.pdb","257520","9D01589E28FFBEB26E259FE220452496899B3BB6D10F176A9DE6B8EC5AD50019"
"FamilyCompany3DMotionLab_Data/Managed/UnityEngine.AccessibilityModule.dll","51120","B938CB9A95F53D398F884C9E64F0CCA94DADB1E46161A9703C4E8D626049F73A"
"FamilyCompany3DMotionLab_Data/Managed/UnityEngine.AccessibilityModule.pdb","23080","2497E99744A0B91CA91A6AABE08296F4B72AA99D39484599A52A3B69BDCDB1CB"
"FamilyCompany3DMotionLab_Data/Managed/UnityEngine.AdaptivePerformanceModule.dll","124840","9BF45A2FC40D8223E3AD9E066B614E982D9E4CBA3C4C54A7BA2904090885F794"
"FamilyCompany3DMotionLab_Data/Managed/UnityEngine.AdaptivePerformanceModule.pdb","53260","8A7208AB7D952247A191E8A583A0AF10587B80F78F589A27C96AA7AFC97BD204"
"FamilyCompany3DMotionLab_Data/Managed/UnityEngine.AIModule.dll","77224","6C7175DA9F74B999BB21308729972C626DA8E0AA4FE885F8F94BBB968F98DDC7"
"FamilyCompany3DMotionLab_Data/Managed/UnityEngine.AIModule.pdb","20664","157A2FC3C73F00FD762A57222928FE37520B589BD26D15B991D6F9D373A8958E"
"FamilyCompany3DMotionLab_Data/Managed/UnityEngine.AMDModule.dll","21928","81CAE0A385AB12B78F1D1C5B32463A7D74BE5E12213518BEA2328F87CBF3267A"
"FamilyCompany3DMotionLab_Data/Managed/UnityEngine.AMDModule.pdb","12032","DC8F0EFE496DFF602FCE7F492D0764E5CE73AFC58B3F944583BE1458D4626B45"
"FamilyCompany3DMotionLab_Data/Managed/UnityEngine.AndroidJNIModule.dll","121776","775359CBAA592BCE728B36BFD150C11C457D95C771E8669ADABFE193E3EDCE13"
"FamilyCompany3DMotionLab_Data/Managed/UnityEngine.AndroidJNIModule.pdb","50232","69F24C3A01DA14CCE07CE7CCFEF6725CB91A07BD6AB03571925F05FE5CE858CC"
"FamilyCompany3DMotionLab_Data/Managed/UnityEngine.AnimationModule.dll","225200","D35BC846AFBDF0D404B743296FC26303DB8F9EED5DCA2D0172078F62652B5659"
"FamilyCompany3DMotionLab_Data/Managed/UnityEngine.AnimationModule.pdb","60776","E6FD6F6910DB249DA157781A03606EEA585D21F9324B38AEB261174A8993E6FC"
"FamilyCompany3DMotionLab_Data/Managed/UnityEngine.ARModule.dll","25520","04057A2C10D7B3775F469C23C732DA29B64C7642378607FADF35BB9FC651363B"
"FamilyCompany3DMotionLab_Data/Managed/UnityEngine.ARModule.pdb","10012","8600D3EDBB4C6E7B5D556210723BB6F7F4B7880C2A5AA44F83D14784DC484084"
"FamilyCompany3DMotionLab_Data/Managed/UnityEngine.AssetBundleModule.dll","41904","7E3CE4D7C118BF933FD36DA08DDBCE84F9CFA2063D81D51FABD9D557EC19DF42"
"FamilyCompany3DMotionLab_Data/Managed/UnityEngine.AssetBundleModule.pdb","14152","561F7CA084862D7E3ACC3FC8423108611B558763CE28664118ABC6FEFC974B28"
"FamilyCompany3DMotionLab_Data/Managed/UnityEngine.AudioModule.dll","142768","C6E1F30F2F481773971371B0EA65383EC80BCA8574F7D7DB3385AE07655DB93D"
"FamilyCompany3DMotionLab_Data/Managed/UnityEngine.AudioModule.pdb","35200","0AB22E715937669A14D882DAB23E62A0AC482D8F949A40A2CC2444B9434BF810"
"FamilyCompany3DMotionLab_Data/Managed/UnityEngine.ClothModule.dll","36272","5D1E50260BB45EE6CBF7B3905356E48DFCA89F840D51FBC1FA79666B91F6A805"
"FamilyCompany3DMotionLab_Data/Managed/UnityEngine.ClothModule.pdb","10580","64DBFDFBBDDB69183B3B15AC12342CDE8D28EF789CCC0BBEFA007EB8C28CC54A"
"FamilyCompany3DMotionLab_Data/Managed/UnityEngine.ClusterInputModule.dll","28080","2D319B6D5E9195F26D85E31AC93A1EA6A8DE869DACDB0163D06A0AD2743DBCAC"
"FamilyCompany3DMotionLab_Data/Managed/UnityEngine.ClusterInputModule.pdb","9396","2D1B9D741CC3FF8EFEE913D35526AC121CC190A75C5391EFEA12A69DFB46244D"
"FamilyCompany3DMotionLab_Data/Managed/UnityEngine.ClusterRendererModule.dll","26536","978343F296BF550D8BBEB11A159AEAE93DD739919355ED02ACDA86C9E00BF8E9"
"FamilyCompany3DMotionLab_Data/Managed/UnityEngine.ClusterRendererModule.pdb","10004","CAEEB0878E5F59951A5E70013BB2E86FCA5A14CC8D3177E5809EC44F0D5016A0"
"FamilyCompany3DMotionLab_Data/Managed/UnityEngine.ContentLoadModule.dll","32680","BC86A7A83EF517632B8D616B6505567B9362B4B1CE648E17E2D68D4C1C968A82"
"FamilyCompany3DMotionLab_Data/Managed/UnityEngine.ContentLoadModule.pdb","11176","8281C92EF99205FCE90FA0E894918CFEC763D003A00B0A683A62AAC2AC8C42C0"
"FamilyCompany3DMotionLab_Data/Managed/UnityEngine.CoreModule.dll","1984432","9D7C73852C89503F348B05A8337F280FA813CF8E885D52C86A8C9580E68EC76B"
"FamilyCompany3DMotionLab_Data/Managed/UnityEngine.CoreModule.pdb","572856","C9DAA909004E72AAB5C2920A9DFC8167FDB745E0428BF195CFBFFCF24E04DF8D"
"FamilyCompany3DMotionLab_Data/Managed/UnityEngine.CrashReportingModule.dll","26544","15FB1DE26E84C876CA51AF99D5445C0634ED3F4FFE8FF8DD4FC0FB4EE1EB36D2"
"FamilyCompany3DMotionLab_Data/Managed/UnityEngine.CrashReportingModule.pdb","10008","EA1BCCF55D10E5B251ED5FF1CC32FC7387787D1B5F33675618779CAF47B86F44"
"FamilyCompany3DMotionLab_Data/Managed/UnityEngine.DirectorModule.dll","41904","1415C13A6951425EB83B281CE2C22985AC1B671D052760BD56B46652D4B125AF"
"FamilyCompany3DMotionLab_Data/Managed/UnityEngine.DirectorModule.pdb","13920","EF33A9A346EA0978AC247D7875AB68185001E62E768EF8BC29AEAE3B763E7308"
"FamilyCompany3DMotionLab_Data/Managed/UnityEngine.dll","197544","1908E048275864AF9CD99FD78E7C9D0F9EBD08C271830B575DA213951B3393E9"
"FamilyCompany3DMotionLab_Data/Managed/UnityEngine.DSPGraphModule.dll","31664","1860E8E8258763C550713A192592A6518AD36EA21B217DA074C4766E4AF7FB02"
"FamilyCompany3DMotionLab_Data/Managed/UnityEngine.DSPGraphModule.pdb","9604","6BD48A053F52A6B66FD08120CDB4E3570AABDB6A5D7B3AD256D48C51EEE6678A"
"FamilyCompany3DMotionLab_Data/Managed/UnityEngine.GameCenterModule.dll","46000","7104F4A9250469FD511F7C66731A6CBCAF9E9305507D65D10E41B214CD8A4573"
"FamilyCompany3DMotionLab_Data/Managed/UnityEngine.GameCenterModule.pdb","17488","F39D6A8004E70E88B18C5D0DD8C04A51A7169DE49732748C8EE20124B2C9CF7F"
"FamilyCompany3DMotionLab_Data/Managed/UnityEngine.GIModule.dll","24488","AF152BC998967D23C2C208BFE18AC32844DAB6F8B19E16B21537191547BE4383"
"FamilyCompany3DMotionLab_Data/Managed/UnityEngine.GIModule.pdb","9276","7D8E4A28CF5DEBF05153010F4B4F9DE4DC8226FE0DDE0C0E10351894679814B7"
"FamilyCompany3DMotionLab_Data/Managed/UnityEngine.GraphicsStateCollectionSerializerModule.dll","14256","FAC5A539925FBFD71648412DA7A63DEA6DC07D336FF9818FA515AAD4DCEE1124"
"FamilyCompany3DMotionLab_Data/Managed/UnityEngine.GraphicsStateCollectionSerializerModule.pdb","9304","17EA4766012541F662656ADE5D1F78F0F7D1D6B5A81B38DCBAA676865B732D5B"
"FamilyCompany3DMotionLab_Data/Managed/UnityEngine.GridModule.dll","30640","F300E06A4431B535BF9EBFEA4292F96C6F46C7D36FECCDD5144224C38D2DC8D5"
"FamilyCompany3DMotionLab_Data/Managed/UnityEngine.GridModule.pdb","10132","7C517CEF6BC022CCAD55155B13FB700E77F3407E32C0CC8A5D639D2FEE1723EC"
"FamilyCompany3DMotionLab_Data/Managed/UnityEngine.HierarchyCoreModule.dll","109488","BF0DC55D5287447F2DB62F2C8830B4A18AB7C992090A97D6416184B7F76294B9"
"FamilyCompany3DMotionLab_Data/Managed/UnityEngine.HierarchyCoreModule.pdb","36440","647C87F85F4DB621DB92C2B7BFF2BB5C02037B2AD98727DAD358220E1454197D"
"FamilyCompany3DMotionLab_Data/Managed/UnityEngine.HierarchyModule.dll","102312","DEC942F79F73CD4C422839D8FCA4DFD0CCA3A2883D772A06DD4565A0C54D8D26"
"FamilyCompany3DMotionLab_Data/Managed/UnityEngine.HierarchyModule.pdb","47660","8AB5D0AA67DD17CEC4ED61E90C88CF922A1B1D3C8FB3DD3B1DFAABD2D8DFB420"
"FamilyCompany3DMotionLab_Data/Managed/UnityEngine.HotReloadModule.dll","24496","B23DA30D411AA5FCD1446B346EEC73AEA5CB723C5DD547855A0ECACAEAFC8B94"
"FamilyCompany3DMotionLab_Data/Managed/UnityEngine.HotReloadModule.pdb","9276","63BA142ABED013492D508BAB6EBDDCCF38065724B66253784AE4E9BDDF064C87"
"FamilyCompany3DMotionLab_Data/Managed/UnityEngine.IdentifiersModule.dll","16808","0358CD6CD686C340797700E6E11321B7D9E2E03196DCAB4164831336960CDC09"
"FamilyCompany3DMotionLab_Data/Managed/UnityEngine.IdentifiersModule.pdb","9760","9237399A539FE33216EC3B8D82389ABD00F5E385BF036CD2FA5F051B113A077B"
"FamilyCompany3DMotionLab_Data/Managed/UnityEngine.ImageConversionModule.dll","31152","DCCC9CCFB963999D0F56E75E7F03B139DFB4360765CB9821D68905D8E3BB983D"
"FamilyCompany3DMotionLab_Data/Managed/UnityEngine.ImageConversionModule.pdb","10616","F739AAB79ECE5DD839D1A914EB1A2E2F7CE4839C4CBFA4767C47385460CF1FE5"
"FamilyCompany3DMotionLab_Data/Managed/UnityEngine.IMGUIModule.dll","214440","4CAC987739607C9AC2F4DD00A83C083FAF43A4FD331312895A5C833D1E3CF4DA"
"FamilyCompany3DMotionLab_Data/Managed/UnityEngine.IMGUIModule.pdb","90484","73CFEB0E447B1672E90CA56E111CCBEBF666F6EF9DF22BE779E517B1281BA6E9"
"FamilyCompany3DMotionLab_Data/Managed/UnityEngine.InputForUIModule.dll","57768","05A7B03438B888CA8354125AB69139A8FDC41380B251887086593F4F41193909"
"FamilyCompany3DMotionLab_Data/Managed/UnityEngine.InputForUIModule.pdb","26108","2BE4BB563F899698FA56999616B6A744CF453BEFF84F62684290A1ADDDD9BD35"
"FamilyCompany3DMotionLab_Data/Managed/UnityEngine.InputLegacyModule.dll","45488","2606EF2449DCC94220A349FA13C8A46AB337C8E68175C19A0CFA1EFE16D8ADCE"
"FamilyCompany3DMotionLab_Data/Managed/UnityEngine.InputLegacyModule.pdb","15384","93C5B30D4CEB3416183F925B5CD284B35BFE5E24E4F6314626B9FFBEDCDA5A4B"
"FamilyCompany3DMotionLab_Data/Managed/UnityEngine.InputModule.dll","28584","2D7B2CF3ECB9F2815835BDC8F3919A79ADA4829E4EC1CFD513A069C8EAE95220"
"FamilyCompany3DMotionLab_Data/Managed/UnityEngine.InputModule.pdb","10644","D459B4B5EB92FEAB7446ADCF6A01F39B74036A5890F5CB1FF8929DB0AE9ECEA3"
"FamilyCompany3DMotionLab_Data/Managed/UnityEngine.InsightsModule.dll","14256","2F112D7CB9A57199E805EAC1C8657AFED4BD006E3AAE62C117958938F5D7133B"
"FamilyCompany3DMotionLab_Data/Managed/UnityEngine.InsightsModule.pdb","9600","D77AAD72DC7E5E1AA42497900A8504B27E58F0C92B1179BDF5C83EA40B4EE4A3"
"FamilyCompany3DMotionLab_Data/Managed/UnityEngine.JSONSerializeModule.dll","27056","B5A4D55026FB3A339B8036FA0A71C7056D8C1F22BC92A64D2C7B50BD16FE0FF1"
"FamilyCompany3DMotionLab_Data/Managed/UnityEngine.JSONSerializeModule.pdb","9900","F6E01EF84815BE44DEE82168771153D840F5EE823ECF743BAC216006A674B317"
"FamilyCompany3DMotionLab_Data/Managed/UnityEngine.LocalizationModule.dll","27056","984EC80263A72D8EC1357F71B91F9BB4EDB7AA8FE3FBE3F9963777F20223AA36"
"FamilyCompany3DMotionLab_Data/Managed/UnityEngine.LocalizationModule.pdb","9696","E1232F1AF075EEFE7BA36C090DDA8971C3D82D291FBF917D6363CB0D13130E54"
"FamilyCompany3DMotionLab_Data/Managed/UnityEngine.MarshallingModule.dll","83880","A7927AC8A453BEF37AD7A8E399F90160A5F2EB4C21C0CA51E9548576025CA3C6"
"FamilyCompany3DMotionLab_Data/Managed/UnityEngine.MarshallingModule.pdb","14288","927B5896FB7D06531CA85B9D8ECD91EA4EF7A6D9A9DDE425EE65B6134DCDDB54"
"FamilyCompany3DMotionLab_Data/Managed/UnityEngine.MultiplayerModule.dll","17832","ACF1C328505C1C72557B2E40636BC13A67CA8DF53478CC8867EEE9956035584A"
"FamilyCompany3DMotionLab_Data/Managed/UnityEngine.MultiplayerModule.pdb","10368","17ED86B8AD169F9F9A79F523404B9EA311C25AEC86C33F3E31605C5F58A52604"
"FamilyCompany3DMotionLab_Data/Managed/UnityEngine.NVIDIAModule.dll","40880","08B0ECF62A12B3948DC85F37E8452C363BCB718828BFCB6DC55061F48BC33EAF"
"FamilyCompany3DMotionLab_Data/Managed/UnityEngine.NVIDIAModule.pdb","16444","6B82B7C16810ADD03C40B7348B312F43BACA3EE15BAF509B0E6FE6D1BCBAC226"
"FamilyCompany3DMotionLab_Data/Managed/UnityEngine.ParticleSystemModule.dll","171952","50531FD98B502BB1E34A93709F1E1DE588C69D12D6DDD8AB6D7528B5FC76E3F9"
"FamilyCompany3DMotionLab_Data/Managed/UnityEngine.ParticleSystemModule.pdb","40464","192CBD07E4ED2BCBAE440640A73F388169B8855F3E8B9D20542AA2F96B7E8E1E"
"FamilyCompany3DMotionLab_Data/Managed/UnityEngine.pdb","12676","1F07367036B797DE0AE5877B8B893F002A4E877BCE8A8C0B0093549A49E4DB6F"
"FamilyCompany3DMotionLab_Data/Managed/UnityEngine.PerformanceReportingModule.dll","25008","776DA621A59C52F1BF1411590569D0FB6E700D0C297FD9F3F390F1C2C044DCF5"
"FamilyCompany3DMotionLab_Data/Managed/UnityEngine.PerformanceReportingModule.pdb","9480","0DBC0F54FA9BD62C53F0E221D9598D0F358C2F04DB44F55113B5FF11C7056E29"
"FamilyCompany3DMotionLab_Data/Managed/UnityEngine.Physics2DModule.dll","586664","2D8146FAEF524030F9CED62547CF065F353AF34B7AAAE483290AA503AB3B2E63"
"FamilyCompany3DMotionLab_Data/Managed/UnityEngine.Physics2DModule.pdb","135156","81418779EA5DE9E762FE753083D353059402706FC3FCB3ABB1B9657E7CCEA3F5"
"FamilyCompany3DMotionLab_Data/Managed/UnityEngine.PhysicsBackendPhysXModule.dll","14256","5667D6732F1680A1EECD6263C3A00D11656D9FDB67BE86463777805BDCF31C3E"
"FamilyCompany3DMotionLab_Data/Managed/UnityEngine.PhysicsBackendPhysXModule.pdb","9296","354E9155A17EA1CC7A5A48AC0D0548E2F713F4828251038CDAEAD5ECBA48975D"
"FamilyCompany3DMotionLab_Data/Managed/UnityEngine.PhysicsModule.dll","183720","111DBF28BC7F52939BA3263AA097C34C824F6392F4534330A6729E04F056F085"
"FamilyCompany3DMotionLab_Data/Managed/UnityEngine.PhysicsModule.pdb","46224","01A42E4CD4B67BF7D3FFA2690A2F6C58DE6129446285DA2FECDF32220641D565"
"FamilyCompany3DMotionLab_Data/Managed/UnityEngine.PropertiesModule.dll","134064","67C369BE2BE35FDE1B3AB82672E141142D593030F5F59F075A41322FEFB08AC6"
"FamilyCompany3DMotionLab_Data/Managed/UnityEngine.PropertiesModule.pdb","62772","2679A61AACAD606559E3BF45A378633710A68F9800AC7BA0F08992A01358F407"
"FamilyCompany3DMotionLab_Data/Managed/UnityEngine.RenderAs2DModule.dll","25512","75260CF6E28B4D0722619B702576E99C0DC745D8051B67D0B28609F61BF1FF82"
"FamilyCompany3DMotionLab_Data/Managed/UnityEngine.RenderAs2DModule.pdb","9324","969FF1EA34DD1BA604362A8CF9ADB91FEA99DA3D05414A49AC52036DD2BEE72F"
"FamilyCompany3DMotionLab_Data/Managed/UnityEngine.RuntimeInitializeOnLoadManagerInitializerModule.dll","24488","92DA1547AB20FE2C5DDF24154E8C2B9410DECD2DD5D2E861CC7AB850F156DBCB"
"FamilyCompany3DMotionLab_Data/Managed/UnityEngine.RuntimeInitializeOnLoadManagerInitializerModule.pdb","9336","4493B17C024DC561F4CCB909A035EB3626CDFB24B0CBBA2CA4F6803B120D819E"
"FamilyCompany3DMotionLab_Data/Managed/UnityEngine.ScreenCaptureModule.dll","26544","9719A51D44409A5FE1A0D8A09941370F6917098223EB4E0C5A91A2CB14C9D870"
"FamilyCompany3DMotionLab_Data/Managed/UnityEngine.ScreenCaptureModule.pdb","9880","53F58E77B0862E3F49071FC2E59D0B51DC47D9337E650C4AF55E854E8FFB899F"
"FamilyCompany3DMotionLab_Data/Managed/UnityEngine.ShaderRuntimeModule.dll","25512","75D3475FB66E7683CB6B899C794EE6DC74496193DC86BDA5BD351F2F94E9E34F"
"FamilyCompany3DMotionLab_Data/Managed/UnityEngine.ShaderRuntimeModule.pdb","9316","FC43D284CED7B076ADB51D8FD2C1D3D0C53A2B2D60F49BF0CD05A0E2039CF91D"
"FamilyCompany3DMotionLab_Data/Managed/UnityEngine.ShaderVariantAnalyticsModule.dll","24496","58905BB22AA76CF176E0D26CB5BC59A5678F4EA4E040E67BEF8064C151697E35"
"FamilyCompany3DMotionLab_Data/Managed/UnityEngine.ShaderVariantAnalyticsModule.pdb","9400","D5A63C00DE329EB115B93431E4DAEC8308FC54FB29D9C680D9F32A9F6D524D55"
"FamilyCompany3DMotionLab_Data/Managed/UnityEngine.SharedInternalsModule.dll","38320","58899AA9AA119B2ECAFB1A41167D967167D9542DBE8F2F1882A62A96C6151391"
"FamilyCompany3DMotionLab_Data/Managed/UnityEngine.SharedInternalsModule.pdb","14288","CC2F373B2A0B9B9C40D2FD1A75F24F1211D0DBF02D8A0FD65CDF7B847FE95DD8"
"FamilyCompany3DMotionLab_Data/Managed/UnityEngine.SpriteMaskModule.dll","28592","D28C6AC9D8BAB5B79D0887599CBC8EC21C6069EB0019EFB1D2ABFD258D02156F"
"FamilyCompany3DMotionLab_Data/Managed/UnityEngine.SpriteMaskModule.pdb","9608","5EE593EF7C675BBF049533F05A0528AB4A9B78A30F8759B642B3F0E9895D6FD2"
"FamilyCompany3DMotionLab_Data/Managed/UnityEngine.SpriteShapeModule.dll","32688","C41F362C94817BB38FB2136FF82B7BF0EBFAE5F8FA53276DF547E09667B28EC1"
"FamilyCompany3DMotionLab_Data/Managed/UnityEngine.SpriteShapeModule.pdb","10932","9EF6DAEED9AD6BC115895708F48F4C6471CA5B649A099FFF0CC41A3DED50F31D"
"FamilyCompany3DMotionLab_Data/Managed/UnityEngine.StreamingModule.dll","26024","6B953A6877294447752889F8FC77424B632422E3B0E83814857FB8AF15756517"
"FamilyCompany3DMotionLab_Data/Managed/UnityEngine.StreamingModule.pdb","9352","A7ABF014F7FF59D172DD44765D8FB4EA4BDC529FA6F5BBD13D91BEADE5860608"
"FamilyCompany3DMotionLab_Data/Managed/UnityEngine.SubstanceModule.dll","29104","6F2D6FC5F08357405375C797652F35EB6F8A62AB35858DC4F2DE7B3FF429B290"
"FamilyCompany3DMotionLab_Data/Managed/UnityEngine.SubstanceModule.pdb","11480","384FEFD47893C76C8909076D8066CA3CBA55313F59AAE28432FF07967C8A383E"
"FamilyCompany3DMotionLab_Data/Managed/UnityEngine.SubsystemsModule.dll","41904","926FF6D3495D8722AF436153063A22EF62AE39F4E3F3A2D657939555FCB935AB"
"FamilyCompany3DMotionLab_Data/Managed/UnityEngine.SubsystemsModule.pdb","16020","56EC4AB8F604B373B2AAD970E669290B7ED574CE898E854D3F5D25BDAACD2FCB"
"FamilyCompany3DMotionLab_Data/Managed/UnityEngine.TerrainModule.dll","134056","77CB4042C3FDC4EEBE2CCB006DC171477EEB2B3628973735FBE6DB24B601071D"
"FamilyCompany3DMotionLab_Data/Managed/UnityEngine.TerrainModule.pdb","33988","D1AD88D93B5632D4FC654E4B3A1C1F4801B16A6EC16414A2C4A7EB3B21007DEB"
"FamilyCompany3DMotionLab_Data/Managed/UnityEngine.TerrainPhysicsModule.dll","25512","9023C9FB3EFDFE49D49348C09A9B1E59EED40A8B04D57E592FF0392BA5F52D6C"
"FamilyCompany3DMotionLab_Data/Managed/UnityEngine.TerrainPhysicsModule.pdb","9740","FDB521679B41B798668084072FF607C23B8D834D3FD4DC09FB20AA34CFA3185B"
"FamilyCompany3DMotionLab_Data/Managed/UnityEngine.TextCoreFontEngineModule.dll","81832","BD8D2DB5008A6B200275938B76249254CDEA2A3854E04DCC9EE36246EB5B1798"
"FamilyCompany3DMotionLab_Data/Managed/UnityEngine.TextCoreFontEngineModule.pdb","29312","48552446D475F6EAF4B6985611EA13B800876003EBFF6CBEAD770BA3A0F677C5"
"FamilyCompany3DMotionLab_Data/Managed/UnityEngine.TextCoreTextEngineModule.dll","334256","E259924A4588F7A2C09D68342E6FADC6A44E1471D020632600D89EDC44F06BD9"
"FamilyCompany3DMotionLab_Data/Managed/UnityEngine.TextCoreTextEngineModule.pdb","153784","96C1F55E823C6B4AC48D9FEAAADEAB39B21224F0AC705825C4FF0CA1F9401E69"
"FamilyCompany3DMotionLab_Data/Managed/UnityEngine.TextRenderingModule.dll","39344","1807C017E2D32A6143423AEEC12AF3A8A354174CE9CB97B853D8C49BCE9661C3"
"FamilyCompany3DMotionLab_Data/Managed/UnityEngine.TextRenderingModule.pdb","15380","60412A8A5146A97CF863766C0F6DA5F6B6E3E9CDCC87DF93C8ABE5252E809C1E"
"FamilyCompany3DMotionLab_Data/Managed/UnityEngine.TilemapModule.dll","58800","231B46BCEDD2C267490AE0D376FC444C64EA69F63B281A536D45E9557C75994F"
"FamilyCompany3DMotionLab_Data/Managed/UnityEngine.TilemapModule.pdb","19112","FF5FD81478E966C75C3A2A2B1013F94DECA37479A9EB5657CE2208FDEE7556AD"
"FamilyCompany3DMotionLab_Data/Managed/UnityEngine.TLSModule.dll","32168","B84E55ABCEFA836699F9226ACD38CEEBBC7F6028462D149530C6D1F04BCAC67F"
"FamilyCompany3DMotionLab_Data/Managed/UnityEngine.TLSModule.pdb","9296","6932EE4E61253DCD837B5203E4ECA1F211943DD733944920BB0D03124CFE3FCD"
"FamilyCompany3DMotionLab_Data/Managed/UnityEngine.UI.dll","309248","A49FB6746721BC5283DA5F31D99774FF96E79DF37DCC18E97FA8A65AB6E4E5BA"
"FamilyCompany3DMotionLab_Data/Managed/UnityEngine.UI.pdb","187952","B83813C71C5BD3D7BB4FDE513746154B0364BEF6127541377144A13D5B2C52B6"
"FamilyCompany3DMotionLab_Data/Managed/UnityEngine.UIElementsModule.dll","2452392","43AC212BA5B7E4388BC78AAA7319B30697FF65D660D9927753B920F6EBB1E874"
"FamilyCompany3DMotionLab_Data/Managed/UnityEngine.UIElementsModule.pdb","1099688","580F8EB2CD58A149F59BB0670F642AF17EBB5260FC97D9D778CE06B7B3A929CD"
"FamilyCompany3DMotionLab_Data/Managed/UnityEngine.UIModule.dll","49576","A5BD71B67273EE23CF66DBBB368CAED7BAA178FEA8E5C83D3918C73E45650282"
"FamilyCompany3DMotionLab_Data/Managed/UnityEngine.UIModule.pdb","13868","327551A66661A6DDE177D112AB9EAB25DE84A6FDC49E997BFBBAFEF181CB2C86"
"FamilyCompany3DMotionLab_Data/Managed/UnityEngine.UmbraModule.dll","24496","340B29E1A683604597D56742D285751E29A32F39E95FABB5D25F23B87D51733C"
"FamilyCompany3DMotionLab_Data/Managed/UnityEngine.UmbraModule.pdb","9276","0C974E69CA6421736CBCC23DDA09E056F2542EDEF89F4FC0970BBA699D1F58FB"
"FamilyCompany3DMotionLab_Data/Managed/UnityEngine.UnityAnalyticsCommonModule.dll","35760","9801408F619FCF7593762965B3C0ED19764F14A8F5EA7BFFA5DFDF50B92C403F"
"FamilyCompany3DMotionLab_Data/Managed/UnityEngine.UnityAnalyticsCommonModule.pdb","13756","EC965A0C4332491CC9C09D8740CF8EF484712DC369253FF1322A9991AE2A401A"
"FamilyCompany3DMotionLab_Data/Managed/UnityEngine.UnityAnalyticsModule.dll","60848","B63E23118CE510D66DDD550EC9C975067EC572620DBE9290080F11FF262A5E3A"
"FamilyCompany3DMotionLab_Data/Managed/UnityEngine.UnityAnalyticsModule.pdb","18000","2BC34A70D45B70230737A5466BD9D5537C89408C9BE6138B9EF7028B712E726D"
"FamilyCompany3DMotionLab_Data/Managed/UnityEngine.UnityConnectModule.dll","27568","19F83B05AA0E9017B2D4A1618418324C7F4B06364E8363317761A45C84E62858"
"FamilyCompany3DMotionLab_Data/Managed/UnityEngine.UnityConnectModule.pdb","9872","05CFA2B00020EFEBA3FD5288592E5D8A063B10EFA372F99289CEDFACBAA3D2A4"
"FamilyCompany3DMotionLab_Data/Managed/UnityEngine.UnityConsentModule.dll","16296","51D01896A417916DECC234362880DF087C585D2835BEFE4BEE8F67D0338692B8"
"FamilyCompany3DMotionLab_Data/Managed/UnityEngine.UnityConsentModule.pdb","9904","1EBC3B8A53F580A43572ECEF6F9D96C524793EE1377DE1E9297F40ABACAA680D"
"FamilyCompany3DMotionLab_Data/Managed/UnityEngine.UnityCurlModule.dll","26024","17A917401C997837E04CB041530DFFD70F11DB910592B6BCC26D6D9B7C48D439"
"FamilyCompany3DMotionLab_Data/Managed/UnityEngine.UnityCurlModule.pdb","9668","B142C978D60080A98491F772BF7C533AD546CEEB7D0B8FAFBD029E3AF56AAB29"
"FamilyCompany3DMotionLab_Data/Managed/UnityEngine.UnityWebRequestAssetBundleModule.dll","28592","8456F735B1E579BC4EBDC792181C60B567A34A850FEF0AF5C667124F73E0EF25"
"FamilyCompany3DMotionLab_Data/Managed/UnityEngine.UnityWebRequestAssetBundleModule.pdb","10848","C34B9793C9337D78ABD620E03914AB8B409D065F1FB2CE6FAE324171C7A5E21A"
"FamilyCompany3DMotionLab_Data/Managed/UnityEngine.UnityWebRequestAudioModule.dll","28592","5AF0CEBC11EFF4B1F3EB1A972981F7043FFCE2D5DD21EF8B121D5D14A710CFA9"
"FamilyCompany3DMotionLab_Data/Managed/UnityEngine.UnityWebRequestAudioModule.pdb","10648","A7024C016DDC344DC31A21352F1CF59290D0FFC746AE989769579E883A55591F"
"FamilyCompany3DMotionLab_Data/Managed/UnityEngine.UnityWebRequestModule.dll","70056","4D6488302D28B9AF1DBC344F44930EBDB43BE2CA253E2FD9EC6D67D97B7F7974"
"FamilyCompany3DMotionLab_Data/Managed/UnityEngine.UnityWebRequestModule.pdb","28484","BBC59E6D07E608C7A7461B7CF44CA04528B391A13A8C447903C68C4ED1135F6B"
"FamilyCompany3DMotionLab_Data/Managed/UnityEngine.UnityWebRequestTextureModule.dll","27568","1657AECD9A482B0ED7644D5D51972BC51A771391FF78C9DD562599FE93733381"
"FamilyCompany3DMotionLab_Data/Managed/UnityEngine.UnityWebRequestTextureModule.pdb","10816","84D84821C25DE3A3B83A812E26C5BD897A4E5E67C8C77D76BC7AA0A889F8AD88"
"FamilyCompany3DMotionLab_Data/Managed/UnityEngine.UnityWebRequestWWWModule.dll","36776","DE4F56C0285F4ADE09F9EB5BC46255777E3F8DAEEAD712577226BED150A62931"
"FamilyCompany3DMotionLab_Data/Managed/UnityEngine.UnityWebRequestWWWModule.pdb","13716","15FBD71EEBC2BA84B8AE4158FA602199BCAAAD9401B1719D4F1AA39A53EE37F8"
"FamilyCompany3DMotionLab_Data/Managed/UnityEngine.VectorGraphicsModule.dll","252840","CE967BC80735F45F183F0AE1395A67067C0A9841B7C2CD83D7EA0C622405C4DC"
"FamilyCompany3DMotionLab_Data/Managed/UnityEngine.VectorGraphicsModule.pdb","143320","C2EDDE53BB99B833A1361F2F4D5827192843CD2E0F82837FF39506FE842BD883"
"FamilyCompany3DMotionLab_Data/Managed/UnityEngine.VehiclesModule.dll","31656","FCD9D44B967BA40C0D0EAC7BE8E90FD0C6B1B9A2BB5F13496A18804A9E0CBE28"
"FamilyCompany3DMotionLab_Data/Managed/UnityEngine.VehiclesModule.pdb","10516","226A6D1A17DFE379274588B17014708B688B8B7C3C33BAEDD72A261657425053"
"FamilyCompany3DMotionLab_Data/Managed/UnityEngine.VFXModule.dll","78248","524D2CD3CAA42F9B338B0E4547C3B69ECFAC143B28EAF5C72B3173B4DCDD3B96"
"FamilyCompany3DMotionLab_Data/Managed/UnityEngine.VFXModule.pdb","18784","765EF6C8571D2286AF5EF13CDE924F78A1B15AE5CC8E52D3D2BF20321F86EEEB"
"FamilyCompany3DMotionLab_Data/Managed/UnityEngine.VideoModule.dll","49064","9F5F6E01ED017DC64A8380F04EA7F0B3FF529DDC7C7AFA4DC8E78BC397716C89"
"FamilyCompany3DMotionLab_Data/Managed/UnityEngine.VideoModule.pdb","14164","8F85C517E33CA329875EE5C44CED5A6FDEB425816EB67D97F9D8DE7C39273999"
"FamilyCompany3DMotionLab_Data/Managed/UnityEngine.VirtualTexturingModule.dll","42920","3E5C37ED06A3CC12CC41D1C1A491C95F844D292741A4AEA9AEB7E28A7D9AFB71"
"FamilyCompany3DMotionLab_Data/Managed/UnityEngine.VirtualTexturingModule.pdb","13524","950A602C8FB2C2B6B5D9532AC6F47C75438E6F1BD0126A20CCF53373350710C9"
"FamilyCompany3DMotionLab_Data/Managed/UnityEngine.VRModule.dll","31656","8C3D91A08F37F87019D58F079B6B9B03F10907BDE5DA8C2C0209841B179A4C43"
"FamilyCompany3DMotionLab_Data/Managed/UnityEngine.VRModule.pdb","10404","3FC2761C5A64E4A5151E77FB3195DE05B4DD7C45B65B93E8D1A998717C172AE6"
"FamilyCompany3DMotionLab_Data/Managed/UnityEngine.WindModule.dll","26536","59A021DCD451443B866A407EEAD2D6647C793ABFEAD8676290F413DB80F5D6EA"
"FamilyCompany3DMotionLab_Data/Managed/UnityEngine.WindModule.pdb","9412","12ABAB5AE4BE6E31F1625BEF9707D78A3E0AD1DB2F900F4E1A13AB4476230942"
"FamilyCompany3DMotionLab_Data/Managed/UnityEngine.XRModule.dll","88488","108E2C56E20E34B14BF1B3527C99E5AA0B985DF2080ADDB202B5A3AD98E0F7E4"
"FamilyCompany3DMotionLab_Data/Managed/UnityEngine.XRModule.pdb","24288","C69138CE8C2FFAB522F3794858E36512EE2B1992573DCC56F5EA7D3CC776A94A"
"FamilyCompany3DMotionLab_Data/Plugins/x86_64/lib_burst_generated.dll","115200","7550B54E4F495D9FC1B555B90D3F86794FD0ED4551AB0279C971C4A4DE58E35E"
"FamilyCompany3DMotionLab_Data/Plugins/x86_64/lib_burst_generated.pdb","917504","8498B9D33874D3B831C886FC8DA87695301E93E39CB4A3DCC114DBCBF5B2762C"
"FamilyCompany3DMotionLab_Data/resources.assets","24952188","02E55738E54F7603A4B052FCEE9E47C170AED0C8733B1896764006D68336ED2C"
"FamilyCompany3DMotionLab_Data/resources.assets.resS","527179456","7246E0318E45FC6E5046DB09F74D690641A88893A8DFF43C549E4D03BB21E519"
"FamilyCompany3DMotionLab_Data/resources.resource","19510688","4DA5B018061971572F37D0DF616DEEAAECD1B60288F8E2A80427FF99F308DFFC"
"FamilyCompany3DMotionLab_Data/Resources/unity default resources","5883716","32B58BDB9CF090212B46A8CA7436DCDAE89E4EF43E9D55A835233C21D1347734"
"FamilyCompany3DMotionLab_Data/Resources/unity_builtin_extra","396568","4287B68AFB9EA5713E3A6CF9AFA04734CFE6CB35E3AC5DEFE408D8504E4C6735"
"FamilyCompany3DMotionLab_Data/RuntimeInitializeOnLoads.json","13216","434943D7AC729CD303C2CF510A3DAB75983587D74ABD180B403FB87DD478C0D8"
"FamilyCompany3DMotionLab_Data/ScriptingAssemblies.json","3726","482013BB3AEF9453B3FB60EA374F9374C21CEC17246FBB3E8ACEEC2E0A09ADD8"
"FamilyCompany3DMotionLab_Data/sharedassets0.assets","2392072","60907CD6A8B4149F0A742B28DAFF948F71FC9F033FE5AC564773696E5A65B356"
"FamilyCompany3DMotionLab_Data/sharedassets0.assets.resS","524288","393EFE6399536384AA91BDFC4E64F244B4D3E1FBB6A4FF145C483FFEE64CCB36"
"FamilyCompany3DMotionLab.exe","667136","C8B0D73DC40E4F2CDDBF656CFB7257FCB8273DA22E44E12A8694CD8E275C6FB2"
"FamilyCompanyPrototype_BurstDebugInformation_DoNotShip/Data/Plugins/x86_64/lib_burst_generated.txt","60679","E7A6799DDE0EF6E86CB03FD86A9B20DEE45D778DD2067B3ADDA128E1245A5A37"
"MonoBleedingEdge/EmbedRuntime/mono-2.0-bdwgc.dll","7828904","502373378B4728A9AFAFAA114DAB89FE1F9828FACF3BFB39359F76290A80EED2"
"MonoBleedingEdge/EmbedRuntime/MonoPosixHelper.dll","611240","8D1A418F62FF213BB56F84B128CC6DCB54156EF40B2C79AE278BD1FDB1EFF8BC"
"MonoBleedingEdge/etc/mono/2.0/Browsers/Compat.browser","1605","8A1082057AC5681DCD4E9C227ED7FB8EB42AC1618963B5DE3B65739DD77E2741"
"MonoBleedingEdge/etc/mono/2.0/DefaultWsdlHelpGenerator.aspx","60575","751861040B69EA63A3827507B7C8DA9C7F549DC181C1C8AF4B7CA78CC97D710A"
"MonoBleedingEdge/etc/mono/2.0/machine.config","29066","E91782A27FA39FC6C1D6EE8B08529F5D35052310D0006034B878EB04B8F2AF30"
"MonoBleedingEdge/etc/mono/2.0/settings.map","2622","49C6160F9D54AF4270A3B4E997FC4A8301F79B9E2070118FA46DDBCBBC44F9A2"
"MonoBleedingEdge/etc/mono/2.0/web.config","11635","CF2B54339E069B9E42F7D6795EECBF562C50C1011F4CA8F65F578FE52D97FF92"
"MonoBleedingEdge/etc/mono/4.0/Browsers/Compat.browser","1605","8A1082057AC5681DCD4E9C227ED7FB8EB42AC1618963B5DE3B65739DD77E2741"
"MonoBleedingEdge/etc/mono/4.0/DefaultWsdlHelpGenerator.aspx","60575","751861040B69EA63A3827507B7C8DA9C7F549DC181C1C8AF4B7CA78CC97D710A"
"MonoBleedingEdge/etc/mono/4.0/machine.config","33598","E60AEC2C5115D65B3ACB3C55EA21576DBD770F579166C017125571E46AE560ED"
"MonoBleedingEdge/etc/mono/4.0/settings.map","2622","CE1DB1AD8A9512073164E3ECCDC193F7EDA036E1A9733CAEC4635DE21B2865C8"
"MonoBleedingEdge/etc/mono/4.0/web.config","18802","E38BB8CC68FE5B4EDECDFD288D094B9E8CED7629039B2A347682ABA0D8BD7492"
"MonoBleedingEdge/etc/mono/4.5/Browsers/Compat.browser","1605","8A1082057AC5681DCD4E9C227ED7FB8EB42AC1618963B5DE3B65739DD77E2741"
"MonoBleedingEdge/etc/mono/4.5/DefaultWsdlHelpGenerator.aspx","60575","751861040B69EA63A3827507B7C8DA9C7F549DC181C1C8AF4B7CA78CC97D710A"
"MonoBleedingEdge/etc/mono/4.5/machine.config","34056","EE950004B576FB28DC85F4B0435ED04BF96612DE2E8B53BE84D07AFE85A0DE6C"
"MonoBleedingEdge/etc/mono/4.5/settings.map","2622","CE1DB1AD8A9512073164E3ECCDC193F7EDA036E1A9733CAEC4635DE21B2865C8"
"MonoBleedingEdge/etc/mono/4.5/web.config","18811","C4CBDDD4FD9347B58CC5A72B36DC4BA1AD2BB699E65869D05CD3FB9865F0D824"
"MonoBleedingEdge/etc/mono/browscap.ini","311984","4DDD50F31FB968F30BEDEFC253A46DC3F2890192D05CDAA9E0A64A056EEE807E"
"MonoBleedingEdge/etc/mono/config","3815","5776169973A26A387B8B3E5C0F2301A7AB9A6DD7C7D3EFA22A96ABC47FBF8662"
"MonoBleedingEdge/etc/mono/mconfig/config.xml","25817","0C56E34C69124510FA8C19E7B4C2CA6C1C4FF460AE19F798DD0CA035809E396D"
"UnityCrashHandler64.exe","1728936","AA0245676628954CA40F362B3F81956E0FB71D5FFC3F9B4EAD53928245B9CEA0"
"UnityPlayer.dll","84319144","5E58A1B00F43C2085DF78CC4C46EF06AF762EF08CAEC3092A4D68AA00922C24C"
"WinPixEventRuntime.dll","58368","81ADCFD8253C3489BE720DA7E30F16004DC9A1F02A8B418C6C3AEF4993032E6D"
